,date,title,url,description
0,20220905,一次偏远的旅途,https://cn.bing.com/th?id=OHR.TaigaRoad_ZH-CN2567537158_UHD.jpg,北魁北克的公路，加拿大 (© Posnov/Getty Images)
1,20220904,印度的里维埃拉,https://cn.bing.com/th?id=OHR.ArambolBeach_ZH-CN2149857876_UHD.jpg,果阿邦的阿兰博尔海滩，印度 (© Ben Pipe/Alamy)
2,20220903,一双高耸入云的摩天大楼,https://cn.bing.com/th?id=OHR.MalaysiaTwinTowers_ZH-CN1989513449_UHD.jpg,吉隆坡石油双塔，马来西亚 (© tampatra/Getty Images)
3,20220902,这个神奇的海滩值得一游,https://cn.bing.com/th?id=OHR.SeitanLimania_ZH-CN3831790369_UHD.jpg,克里特岛上的海滩，希腊 (© Georgios Tsichlis/Alamy)
4,20220901,谁在使用这座绿草如茵的桥？,https://cn.bing.com/th?id=OHR.WildlifeCrossing_ZH-CN1493053695_UHD.jpg,维尔登的野生动物通道，荷兰 (© Frans Lemmens/Alamy)
5,20220831,漂在海里的蓝色星星,https://cn.bing.com/th?id=OHR.BlueLinckia_ZH-CN1103817183_UHD.jpg,新爱尔兰岛上的蓝指海星，巴布亚新几内亚 (© Jurgen Freund/Minden Pictures)
6,20220830,比萨不仅有斜塔,https://cn.bing.com/th?id=OHR.Migliarino_ZH-CN0744250844_UHD.jpg,米利亚里诺自然公园，圣罗索尔，意大利马萨西犹可利 (© Stefano Valeri/Alamy)
7,20220829,像湖一样的大海,https://cn.bing.com/th?id=OHR.EstoniaBaltic_ZH-CN0314555299_UHD.jpg,爱沙尼亚波罗的海 (© fotoman-kharkov/Getty Images)
8,20220828,这鸟长着小胡子,https://cn.bing.com/th?id=OHR.BeardedTit_ZH-CN0065279700_UHD.jpg,荷兰弗莱福兰湿地的文须雀 (© Gert-Jan IJzerman/Minden Pictures)
9,20220827,40年的休养生息,https://cn.bing.com/th?id=OHR.MSHV_ZH-CN9630204701_UHD.jpg,圣海伦斯山国家火山纪念区的边界小径，美国华盛顿州 (© Don Geyer/Alamy)
10,20220826,既有风，又有水,https://cn.bing.com/th?id=OHR.PeljesacWind_ZH-CN9299214248_UHD.jpg,克罗地亚佩列沙茨半岛附近的风筝冲浪者和风帆冲浪者 (© helivideo/Getty Images)
11,20220825,令人惊叹的后花园,https://cn.bing.com/th?id=OHR.CascadesNP_ZH-CN1830542356_UHD.jpg,华盛顿州北瀑布国家公园，美国 (© Ethan Welty/Tandem Stills + Motion)
12,20220824,里约热内卢的象征,https://cn.bing.com/th?id=OHR.MarinaDaGloria_ZH-CN6894795645_UHD.jpg,格洛里亚附近的码头和糖面包山，巴西里约热内卢 (© f11photo/Getty Images)
13,20220823,到了芒通，就来点柠檬汁吧,https://cn.bing.com/th?id=OHR.MentonFrance_ZH-CN5849270429_UHD.jpg,芒通，法国 (© Flavio Foglietta/Getty Images)
14,20220822,猫头鹰界的叛逆小鸟,https://cn.bing.com/th?id=OHR.TenderMoment_ZH-CN5447705408_UHD.jpg,南佛罗里达的一只穴小鸮雏鸟和一只成年穴小鸮，美国 (© Carlos Carreno/Getty Images)
15,20220821,死亡海岸,https://cn.bing.com/th?id=OHR.CostadaMorte_ZH-CN5219249535_UHD.jpg,加利西亚省科斯塔达莫尔特的灯塔，西班牙 (© Carlos Fernandez/Getty Images)
16,20220820,保护蜜蜂、赞美蜜蜂,https://cn.bing.com/th?id=OHR.BearProof_ZH-CN4950171791_UHD.jpg,西班牙阿斯图里亚斯省穆涅略斯自然保护区的蜂箱 (© ABB Photo/Shutterstock)
17,20220819,彭赞斯全景,https://cn.bing.com/th?id=OHR.PenzancePool_ZH-CN4493022613_UHD.jpg,康沃尔郡的彭赞斯，英国 (© Murray Bosley Photography/Getty Images)
18,20220818,世界最臭食物之乡？,https://cn.bing.com/th?id=OHR.SourHerring_ZH-CN4136738467_UHD.jpg,哥德堡群岛的岸边，瑞典 (© Martin Wahlborg/Getty Images)
19,20220817,如此清澈，如此洁净,https://cn.bing.com/th?id=OHR.AquarioNatural_ZH-CN3886634374_UHD.jpg,大自然的水族馆中的水下景观，巴西 (© Michel Roggo/Minden Pictures)
20,20220816,惊险之旅,https://cn.bing.com/th?id=OHR.GreatWhiteRoller_ZH-CN1541809088_UHD.jpg,夕阳下的大白鲨过山车，美国新泽西州 (© John Van Decker/Alamy)
21,20220815,古代中世纪城堡,https://cn.bing.com/th?id=OHR.ChittorgarhFort_ZH-CN2955182965_UHD.jpg,奇陶尔加尔堡，印度 (© Anand Purohit/Getty Images)
22,20220814,捉迷藏世界冠军,https://cn.bing.com/th?id=OHR.PantherChameleon_ZH-CN2554514270_UHD.jpg,琥珀山国家公园里的豹变色龙，马达加斯加 (© Christian Ziegler/Minden Pictures)
23,20220813,一颗值得的心,https://cn.bing.com/th?id=OHR.LacMontagnon_ZH-CN8301464080_UHD.jpg,阿斯佩山谷中的蒙塔尼翁湖，法国 (© thieury/Adobe photo stock)
24,20220812,家庭出游,https://cn.bing.com/th?id=OHR.AmboseliElephants_ZH-CN2078609290_UHD.jpg,安博塞利国家公园里的非洲象群，肯尼亚 (© Susan Portnoy/Shutterstock)
25,20220811,如果可以的话，请拥抱一座山吧,https://cn.bing.com/th?id=OHR.MtTsubakuro_ZH-CN0305525340_UHD.jpg,日本长野县安昙野附近的燕岳山 (© Joshua Hawley/Getty Images)
26,20220810,沙漠中的匕首？,https://cn.bing.com/th?id=OHR.AnniversaryJTNP_ZH-CN9974030692_UHD.jpg,约书亚树，加利福尼亚州约书亚树国家公园 (© Tim Fitzharris/Minden Pictures)
27,20220809,9000年前的手印,https://cn.bing.com/th?id=OHR.CuevaManos_ZH-CN8900667928_UHD.jpg,阿根廷圣克鲁斯的洛斯马诺斯洞穴 (© Adwo/Alamy)
28,20220808,汪洋中的小岛,https://cn.bing.com/th?id=OHR.EsPantaleu_ZH-CN8612029580_UHD.jpg,圣埃尔姆附近的潘塔留岛鸟瞰图，西班牙马略卡岛 (© Dimitri Weber/Azing航空公司)
29,20220807,贴秋膘了吗？,https://cn.bing.com/th?id=OHR.theBeginningofAutumn2022_ZH-CN9413449297_UHD.jpg,杭州西湖的古典中国园林 (© DANNY HU/Getty Images)
30,20220806,一个咸咸的地点,https://cn.bing.com/th?id=OHR.SFSaltFlats_ZH-CN7261637239_UHD.jpg,旧金山湾的盐滩 (© Jeffrey Lewis/Tandem Stills + Motion)
31,20220805,节日热潮,https://cn.bing.com/th?id=OHR.MilitaryTattoo_ZH-CN0302287210_UHD.jpg,夜晚的爱丁堡城市天际线，苏格兰 (© Suranga Weeratuna/Alamy)
32,20220804,最浪漫的中国传统节日,https://cn.bing.com/th?id=OHR.QiXiFestival2022_ZH-CN2628111266_UHD.jpg,上海浦东森林心形洞穴鸟瞰图，中国 (© Yaorusheng/Getty Images)
33,20220803,赤颈鸊鷉,https://cn.bing.com/th?id=OHR.RedneckedGrebe_ZH-CN6036749974_UHD.jpg,在德国的赤颈鸊鷉 (© Edo van Uchelen/Minden Pictures)
34,20220802,走上这条人迹常见的小径,https://cn.bing.com/th?id=OHR.HickmanBridge_ZH-CN0976106691_UHD.jpg,圆顶礁国家公园里的希克曼桥，美国犹他州 (© Tim Fitzharris/Minden Pictures)
35,20220801,世界上最活跃的火山,https://cn.bing.com/th?id=OHR.LavaTube_ZH-CN5458469336_UHD.jpg,漏出“天窗”的熔岩管，夏威夷火山国家公园 (© Tom Schwabel/Tandem Stills + Motion)
36,20220731,“夜光”云,https://cn.bing.com/th?id=OHR.NoctilucentClouds_ZH-CN4816301354_UHD.jpg,立陶宛的夜光云 (© ljphoto7/Getty Images)
37,20220730,“第八大奇迹”?,https://cn.bing.com/th?id=OHR.FiordlandRainforest_ZH-CN4528847139_UHD.jpg,米尔福德峡湾附近的徒步雨林，新西兰 (© Jim Patterson/Tandem Stills + Motion)
38,20220729,一种罕见的条纹,https://cn.bing.com/th?id=OHR.FourTigresses_ZH-CN4095017352_UHD.jpg,塔多巴老虎保护区里的老虎四姐妹，印度 (© Ashish Parmar/Alamy)
39,20220728,雄伟的紫色山峰,https://cn.bing.com/th?id=OHR.LongsPeak_ZH-CN5927119555_UHD.jpg,落基山国家公园的朗斯峰，科罗拉多州 (© Andrew R. Slaton/Tandem Stills + Motion)
40,20220727,孤独的城堡,https://cn.bing.com/th?id=OHR.NabateanTomb_ZH-CN5770360385_UHD.jpg,玛甸沙勒（也被称为黑格拉）的纳巴泰墓，沙特阿拉伯 (© Tuul & Bruno Morandi/Getty Images)
41,20220726,被人类遗忘的森林,https://cn.bing.com/th?id=OHR.MangroveDay_ZH-CN5590436101_UHD.jpg,萨卢姆三角洲国家公园的红树林，塞内加尔共和国 (© mariusz_prusaczyk/Getty Images)
42,20220725,守住关口,https://cn.bing.com/th?id=OHR.DolbadarnCastle_ZH-CN5397592090_UHD.jpg,兰贝里斯山口脚下的多尔巴达恩城堡，威尔士 (© Viktoria Rodriguez/Getty Images)
43,20220724,落基山脉中出镜率最高的地方,https://cn.bing.com/th?id=OHR.TwoJackLake_ZH-CN4716355677_UHD.jpg,双杰克湖，班夫国家公园，艾伯塔省，加拿大 (© SnapRapid/Offset)
44,20220723,隐秘的传粉者,https://cn.bing.com/th?id=OHR.FoxgloveHawkmoth_ZH-CN4486704889_UHD.jpg,毛地黄上的红天蛾 (© David Chapman/Alamy)
45,20220722,用誓言打造的岛屿,https://cn.bing.com/th?id=OHR.SGIMontenegro_ZH-CN4155831603_UHD.jpg,科托尔湾的圣乔治海峡和圣母湾，黑山 (© Dmitrii Sakharov/Shutterstock)
46,20220721,绝妙的对称性,https://cn.bing.com/th?id=OHR.AbbeyGardens_ZH-CN4831631801_UHD.jpg,伯里圣埃德蒙兹镇的修道院公园，英国萨福克郡 (© Charles Martinez/Amazing Aerial Agency)
47,20220720,人类迈出的一大步,https://cn.bing.com/th?id=OHR.MoonPhases_ZH-CN3779272016_UHD.jpg,一组月相照片 (© Delpixart/Getty Images)
48,20220719,“巴伐利亚海”中的岛屿,https://cn.bing.com/th?id=OHR.FraueninselChiemsee_ZH-CN3541482552_UHD.jpg,基姆湖上的淑女岛，德国巴伐利亚州 (© Malorny/Getty Images)
49,20220718,海上阿尔卑斯山,https://cn.bing.com/th?id=OHR.OmijimaIsland_ZH-CN3328515301_UHD.jpg,布满奇石的青海岛，日本北长门海岸国定公园 (© Sean Pavone Photo/Adobe Stock)
50,20220717,乘风破浪,https://cn.bing.com/th?id=OHR.CoyoteButtes_ZH-CN3166159419_UHD.jpg,"北狼丘里的""波浪谷""，美国亚利桑那州 (© Dennis Frates/Alamy)"
51,20220716,“薯片鸟”,https://cn.bing.com/th?id=OHR.AmericanGoldfinch_ZH-CN2996912015_UHD.jpg,向日葵上的金翅雀，美国南卡罗来纳州 (© Teresa Kopec/Getty Images)
52,20220715,时光倒流......,https://cn.bing.com/th?id=OHR.Arrone_ZH-CN2794175618_UHD.jpg,阿罗内镇的村落，意大利翁布里亚大区 (© Maurizio Rellini/eStock Photo)
53,20220714,自由自在的柠檬鲨,https://cn.bing.com/th?id=OHR.BabyLemons_ZH-CN4212701834_UHD.jpg,爱丽丝镇附近水域中的柠檬鲨宝宝，巴哈马比米尼岛 (© Ken Kiefer 2/Getty Images)
54,20220713,巨石中的巨石,https://cn.bing.com/th?id=OHR.BasaltGiants_ZH-CN4038085235_UHD.jpg,巨人堤道上的玄武岩柱，英国北爱尔兰 (© Olimpio Fantuz/eStock Photo)
55,20220712,螺旋上升……,https://cn.bing.com/th?id=OHR.SpiralHill_ZH-CN3829252235_UHD.jpg,悉尼奥林匹克公园里的湾标瞭望台，澳大利亚 (© ai_yoshi/Getty Images)
56,20220711,城市规划永不停歇,https://cn.bing.com/th?id=OHR.BarcelonaPop_ZH-CN3687855585_UHD.jpg,巴塞罗那城市上空，西班牙 (© SW Photography/Getty Images)
57,20220710,绚丽多彩的海滩,https://cn.bing.com/th?id=OHR.OludenizTurkey_ZH-CN3467496108_UHD.jpg,鸟瞰视角下的彩色船只，土耳其欧鲁旦尼斯 (© den-belitsky/Getty Images)
58,20220709,彩虹桥,https://cn.bing.com/th?id=OHR.DolomitesMW_ZH-CN3307894335_UHD.jpg,多洛米蒂山上空的银河，意大利 (© Carlos Fernandez/Getty Images)
59,20220708,值得一去的魅力峡谷,https://cn.bing.com/th?id=OHR.PreveliGorge_ZH-CN3109665395_UHD.jpg,普雷维利峡谷里的河流和棕榈树森林，希腊克里特岛 (© borchee/Getty Images)
60,20220707,黑夜海岸边的一盏灯,https://cn.bing.com/th?id=OHR.HecetaHead_ZH-CN2813876594_UHD.jpg,哈萨塔角灯塔，佛罗伦萨，俄勒冈州 (© Tom Schwabel/Tandem Stills + Motion)
61,20220706,春天是接吻的季节,https://cn.bing.com/th?id=OHR.KissingPuffins_ZH-CN2578608262_UHD.jpg,一对大西洋海雀在接吻，设得兰群岛，苏格兰 (© Vince Burton/Minden Pictures)
62,20220705,这座岛海拔超过一英里,https://cn.bing.com/th?id=OHR.FannetteIsland_ZH-CN2395055456_UHD.jpg,被翡翠湾环绕的芬尼特岛，太浩湖，加利福尼亚 (© Rachid Dahnoun/Tandem Stills + Motion)
63,20220704,工程奇迹,https://cn.bing.com/th?id=OHR.SharavatiBridge_ZH-CN2011371774_UHD.jpg,一列火车穿过卡纳塔克邦的沙拉瓦蒂桥，印度 (© Amith Nag Photography/Getty Images)
64,20220703,在三伏天遇到一位专家,https://cn.bing.com/th?id=OHR.SummerDogs_ZH-CN1604998367_UHD.jpg,赤狐 (© Yossi Eshbol/Minden Pictures)
65,20220702,一年已过半,https://cn.bing.com/th?id=OHR.HalfwayDay_ZH-CN1333459630_UHD.jpg,分隔两个湖泊的公路，苏格兰高地 (© Abstract Aerial Art/Getty Images)
66,20220701,走进迷人小村庄,https://cn.bing.com/th?id=OHR.AgueroVillage_ZH-CN1007741117_UHD.jpg,"阿圭罗村庄, 韦斯卡, 西班牙 (© Francesco Carovillano/eStock)"
67,20220630,假日的气息,https://cn.bing.com/th?id=OHR.CoteSauvage_ZH-CN9967984163_UHD.jpg,基伯龙半岛上的海滩，法国布列塔尼地区 (© hardyun/Adobe)
68,20220629,在热带，陆地与海洋热情相拥,https://cn.bing.com/th?id=OHR.PhangNgaBay_ZH-CN9408705933_UHD.jpg,攀牙湾安达曼海的红树林，泰国 (© Ratnakorn Piyasirisorost/Getty Images)
69,20220628,沙海中的绿洲,https://cn.bing.com/th?id=OHR.TafilaletOasis_ZH-CN9143950935_UHD.jpg,"塔菲拉勒地区的一座古老古堡, 摩洛哥 (© José Antonio Moreno/agefotostock)"
70,20220627,一望无际的田野,https://cn.bing.com/th?id=OHR.ValensoleLavender_ZH-CN8778885260_UHD.jpg,普罗旺斯瓦朗索勒高原上的薰衣草田，法国 (© Shutterstock)
71,20220626,一天睡20个小时,https://cn.bing.com/th?id=OHR.KoalaSleeping_ZH-CN8369657308_UHD.jpg,一只正在树上睡觉的考拉 (© Anton Rogozin/Getty Images)
72,20220625,夏天的棕熊,https://cn.bing.com/th?id=OHR.BBMomCub_ZH-CN7715738841_UHD.jpg,卡特迈国家公园和保护区的棕熊妈妈和幼崽，阿拉斯加 (© Suzi Eszterhas/Minden Pictures)
73,20220624,地面之下的水中世界,https://cn.bing.com/th?id=OHR.CenoteDiver_ZH-CN7334440742_UHD.jpg,潜水员探索文图拉斯港附近的水下天然井，墨西哥 (© Extreme Photographer/Getty Images)
74,20220623,“古桥”的新生,https://cn.bing.com/th?id=OHR.MostarBridge_ZH-CN5920156936_UHD.jpg,莫斯塔尔古桥，波斯尼亚和黑塞哥维那 (© Ayhan Altun/Getty Images)
75,20220622,地球之肺,https://cn.bing.com/th?id=OHR.AmazonianEcuador_ZH-CN9873999948_UHD.jpg,亚苏尼国家公园，厄瓜多尔 (© Paul Bertner/Minden Pictures)
76,20220621,夏季来临,https://cn.bing.com/th?id=OHR.GlastonburySolstice_ZH-CN9694169797_UHD.jpg,格拉斯顿伯里山丘上的日出，英格兰 (© Guy Edwardes/Minden Pictures)
77,20220620,一起吃午饭吗?,https://cn.bing.com/th?id=OHR.SwallowtailFlower_ZH-CN5950463168_UHD.jpg,停在同一朵花上的两只金凤蝶 (© Alberto Ghizzi Panizza/Getty Images)
78,20220619,愤怒的小鸟，溺爱的爸爸,https://cn.bing.com/th?id=OHR.Cassowary_ZH-CN9903525394_UHD.jpg,双垂鹤鸵爸爸和它的宝宝们，澳大利亚 (© Martin Willis/Minden Pictures)
79,20220618,这是什么水上魔法？,https://cn.bing.com/th?id=OHR.CelebratingSurfing_ZH-CN9747833506_UHD.jpg,黄金海岸上的冲浪者，澳大利亚 (© Darren Tierney/Getty Images)
80,20220617,壮丽的景色,https://cn.bing.com/th?id=OHR.Balsamroot_ZH-CN9456182640_UHD.jpg,山下盛开的箭叶脂根菊，美国大提顿国家公园 (© Mike Cavaroc/Tandem Stills + Motion)
81,20220616,连接过去和现在,https://cn.bing.com/th?id=OHR.SeonamTemple_ZH-CN3460236076_UHD.jpg,仙岩寺中的升仙桥，韩国曹溪山道立公园 (© Aaron Choi/Getty Images)
82,20220615,田纳西之巅,https://cn.bing.com/th?id=OHR.ClingmansDome_ZH-CN0900594339_UHD.jpg,大雾山国家公园，田纳西州 (© Tony Barber/Getty Images)
83,20220614,当地人把这个地方简称为“大都会博物馆”,https://cn.bing.com/th?id=OHR.MuseumMile_ZH-CN0641581371_UHD.jpg,纽约大都会艺术博物馆 (© Susanne Pommer/Shutterstock)
84,20220613,世界上最美好的绿洲？,https://cn.bing.com/th?id=OHR.OkavangoElephant_ZH-CN0058670579_UHD.jpg,行走在奥卡万戈河中的大象，博茨瓦纳，非洲南部 (© Markus Pavlowsky/Getty Images)
85,20220612,奇瓦瓦沙漠中的一处偏远绿洲,https://cn.bing.com/th?id=OHR.SierraPonce_ZH-CN9720358958_UHD.jpg,大弯曲国家公园的塞拉庞塞和格兰德河边的悬崖，美国得克萨斯州 (© Tim Fitzharris/Minden Pictures)
86,20220611,一个可供探险的水下天堂,https://cn.bing.com/th?id=OHR.MisoolIsland_ZH-CN9038691748_UHD.jpg,米苏尔岛，拉贾安帕特群岛中的岛屿，印度尼西亚 (© rusm/Getty Images)
87,20220610,在野外发现斑鹿,https://cn.bing.com/th?id=OHR.SpottedDeers_ZH-CN8790816034_UHD.jpg,斑鹿，滕波尔国家公园，印度 (© Ondrej Prosicky/Shutterstock)
88,20220609,一场光明正大的示爱,https://cn.bing.com/th?id=OHR.SweetheartAbbey_ZH-CN8325969067_UHD.jpg,邓弗里斯和加洛韦的甜心修道院，苏格兰 (© Westend61/Getty Images)
89,20220608,自助餐开放了,https://cn.bing.com/th?id=OHR.CommonDolphin_ZH-CN3524729916_UHD.jpg,正在狩猎太平洋沙丁鱼的长吻真海豚和南非鲣鸟，南非东开普省 (© Pete Oxford/Minden Pictures)
90,20220607,部分是科研园，部分是公园,https://cn.bing.com/th?id=OHR.HaagaRhododendron_ZH-CN3375001658_UHD.jpg,赫尔辛基的哈加杜鹃花公园，芬兰 (© Samuli Vainionpää/Getty Images)
91,20220606,唱一首“蓝调”,https://cn.bing.com/th?id=OHR.IndigoBunting_ZH-CN3172415219_UHD.jpg,奥杜邦中心的一只靛蓝彩鹀，美国宾夕法尼亚州 (© Vicki Jauron/Getty Images)
92,20220605,只有一个地球,https://cn.bing.com/th?id=OHR.RapadalenSNP_ZH-CN3018224759_UHD.jpg,萨勒克国家公园的拉帕谷，瑞典 (© Alena Vishina/Alamy)
93,20220604,前往山林，今天是国家步道日！,https://cn.bing.com/th?id=OHR.BannerPeak_ZH-CN2693006060_UHD.jpg,安塞尔·亚当斯的荒野，加利福尼亚 (© Michael DeYoung Photography/Tandem Stills + Motion)
94,20220603,端午节安康,https://cn.bing.com/th?id=OHR.DragonBoat2022_ZH-CN2392684688_UHD.jpg,广角镜头下的厦门龙舟池，日落的光洒在传统龙舟上，中国 (© Sen Li/Getty Image)
95,20220602,东阿尔高县的自然奇观,https://cn.bing.com/th?id=OHR.LechfallFuessen_ZH-CN3887501600_UHD.jpg,福森市的莱西瀑布，德国拜仁州 (© Sergej Razvod/agefotostock)
96,20220601,水下的奇妙景观,https://cn.bing.com/th?id=OHR.MarovoLagoon_ZH-CN1029152514_UHD.jpg,马罗沃泻湖中的珊瑚礁，所罗门群岛 (© WaterFrame/Alamy)
97,20220531,一只伶俐可爱的小鸟掠过,https://cn.bing.com/th?id=OHR.ParrotDay_ZH-CN0775936218_UHD.jpg,展开双翅的绯红金刚鹦鹉，哥斯达黎加 (© Harry Collins/Getty Images)
98,20220530,奔腾不息的自然力量,https://cn.bing.com/th?id=OHR.MountFryatt_ZH-CN0611142036_UHD.jpg,日落时分的阿萨巴斯卡瀑布，加拿大 (© Robert Postma/Getty Images)
99,20220529,垂钓者的天堂,https://cn.bing.com/th?id=OHR.HyaliteCreek_ZH-CN0400013447_UHD.jpg,加勒廷国家森林里的小溪，美国蒙大拿州 (© Jared Lloyd/Getty Images)
100,20220528,蜂巢状的山脉,https://cn.bing.com/th?id=OHR.PurnululuNP_ZH-CN0102753224_UHD.jpg,波奴鲁鲁国家公园里的邦格尔邦格尔山脉，澳大利亚 (© Francesco Riccardo Iacomino/Getty Images)
101,20220527,没有哪儿比这里更能代表旧金山…,https://cn.bing.com/th?id=OHR.MarinHeadlands_ZH-CN9876016714_UHD.jpg,金门大桥和马林岬角，美国加利福尼亚州 (© Jeff Lewis/Tandem Stills + Motion)
102,20220526,上面的空气怎么样？,https://cn.bing.com/th?id=OHR.Monteverde_ZH-CN9598634812_UHD.jpg,蒙特维德云雾森林中的吊桥，哥斯达黎加 (© Dmitriy Burlakov/Getty Images)
103,20220525,绿宝石中的珍珠,https://cn.bing.com/th?id=OHR.Alhambra_ZH-CN9040625762_UHD.jpg,格拉纳达的阿尔罕布拉，安达卢西亚省，西班牙 (© Armand Tamboly/Getty Images)
104,20220524,适合每个人的岛屿公园,https://cn.bing.com/th?id=OHR.KornatiNP_ZH-CN8829346235_UHD.jpg,科纳提国家公园，克罗地亚 (© Anton Petrus/Getty Images)
105,20220523,龟龟们畅游的好日子,https://cn.bing.com/th?id=OHR.RedBellied_ZH-CN8667089924_UHD.jpg,彩虹河里的佛罗里达红肚龟，彩虹泉州立公园，佛罗里达 (© Michel Roggo/Minden Pictures)
106,20220522,我们可以和谐共处,https://cn.bing.com/th?id=OHR.ZebraEgret_ZH-CN8497454146_UHD.jpg,伯切尔氏斑马和一只牛白鹭，南非利特弗雷自然保护区 (© Richard Du Toit/Minden Pictures)
107,20220521,“瀑布之城”中的小瀑布,https://cn.bing.com/th?id=OHR.AlbionFalls_ZH-CN8302577218_UHD.jpg,阿尔比恩瀑布，汉密尔顿，加拿大安大略省 (© Alexander Sviridov/Shutterstock)
108,20220520,谢谢你们，小蜜蜂！,https://cn.bing.com/th?id=OHR.ApisMellifera_ZH-CN8078623367_UHD.jpg,"Honeybee flying over crocuses in the Tatra Mountains, Poland (© Mirek Kijewski/Getty Images)"
109,20220519,站在近300米高空的玻璃上,https://cn.bing.com/th?id=OHR.GlassBridge_ZH-CN4258621683_UHD.jpg,张家界大峡谷玻璃桥，湖南 (© MediaProduction/Getty Images)
110,20220518,位于弗伦斯堡峡湾的水上城堡,https://cn.bing.com/th?id=OHR.SchlossGluecksburg_ZH-CN4079837227_UHD.jpg,护城河边的格吕克斯堡城堡，德国 (© Christian Back/eStock Photo)
111,20220517,巧夺天工的印加智慧,https://cn.bing.com/th?id=OHR.SaltPondsMaras_ZH-CN3768334932_UHD.jpg,马拉斯盐田，秘鲁 (© Fotofeeling/Westend61 on Offset/Shutterstock)
112,20220516,小穴鸮们会与你不期而遇,https://cn.bing.com/th?id=OHR.PawneeOwls_ZH-CN3586129981_UHD.jpg,花丛中的小穴鸮们，美国科罗拉多州 (© Roberta Olenick/Alamy)
113,20220515,准备迎接血月,https://cn.bing.com/th?id=OHR.BerninaBloodMoon_ZH-CN3349260043_UHD.jpg,贝尔尼纳山脉和血月，瑞士 (© Bernd Zoller/Shutterstock)
114,20220514,可靠的移水器,https://cn.bing.com/th?id=OHR.WindmillDay_ZH-CN3115996668_UHD.jpg,金德代克风车群，荷兰 (© Achim Thomae/Getty Images)
115,20220513,独自在草原上,https://cn.bing.com/th?id=OHR.MaasaiGiraffe_ZH-CN2960157829_UHD.jpg,一只马赛长颈鹿，肯尼亚马赛马拉国家保护区 (© Andy Rouse/Minden Pictures)
116,20220512,映湖之美,https://cn.bing.com//th?id=OHR.RiverBrathay_ZH-CN2718424663_UHD.jpg,布拉塞河上的雾天黎明，英国湖区国家公园 (© fstopphotography/Getty Images)
117,20220511,希腊小镇,https://cn.bing.com/th?id=OHR.OiaVillage_EN-US5240840248_UHD.jpg,"The village of Oia on the island of Santorini, Greece (© Zebra-Studio/Shutterstock)"
118,20220510,春天来啦,https://cn.bing.com/th?id=OHR.GiffordPinchot_EN-US4980175686_UHD.jpg,"Panther Creek Falls in spring, Gifford Pinchot National Forest, Washington (© Stephen Matera/Tandem Stills + Motion)"
119,20220509,红色夜幕,https://cn.bing.com/th?id=OHR.GoremeNationalPark_EN-US4875441908_UHD.jpg,"View of Göreme from an observation deck, Göreme National Park, Cappadocia, Turkey (© Anton Petrus/Getty Images)"
120,20220508,两母子,https://cn.bing.com/th?id=OHR.MomJoey_EN-US7006938352_UHD.jpg,"Koala mother and 8-month-old joey, Queensland, Australia (© Suzi Eszterhas/Minden Pictures)"
121,20220507,望远镜,https://cn.bing.com/th?id=OHR.SwedishAntenna_EN-US4697496933_UHD.jpg,"Swedish telescope at La Silla ESO Observatory, Chile (© Alberto Ghizzi Panizza/Getty Images)"
122,20220506,林间小道,https://cn.bing.com/th?id=OHR.HertfordshireBluebells_EN-US4578338154_UHD.jpg,"A path winding through a forest carpeted with bluebells in Hertfordshire, England (© JayKay57/Getty Images)"
123,20220505,龙舌兰田,https://cn.bing.com/th?id=OHR.JaliscoAgave_EN-US2800710188_UHD.jpg,"Tree in blue agave field in the tequila-producing region near Atotonilco el Alto, Jalisco, Mexico (© Brian Overcast/Alamy)"
124,20220504,日落,https://cn.bing.com/th?id=OHR.WadiRum_EN-US2725530460_UHD.jpg,"Wadi Rum, Jordan (© Thomas Coex/AFP via Getty Images)"
125,20220503,白毛浮绿水，红掌拨清波,https://cn.bing.com/th?id=OHR.DuckHen_EN-US2672519159_UHD.jpg,Mandarin duck hen with ducklings in South Korea (© VDCM image/Getty Images)
126,20220502,Bing,https://cn.bing.com/th?id=OHR.TravertineTurkey_EN-US2604407895_UHD.jpg,"Travertine terraces of Pamukkale, Turkey (© bybostanci/Getty Images)"
127,20220501,夏威夷舞者,https://cn.bing.com/th?id=OHR.LeiDay_EN-US2557797109_UHD.jpg,"Dancers on the site of a lele (altar) on Mount Maunaloa, Molokai, Hawaii (© Alvis Upitis/Getty Images)"
128,20220430,墙上的爵士,https://cn.bing.com/th?id=OHR.NorthBeachJazz_EN-US2507879013_UHD.jpg,The North Beach Jazz Mural created by Bay Area artist Bill Weber in San Francisco (© Kosso/Getty Images)
129,20220429,小巨人,https://cn.bing.com/th?id=OHR.RedwoodSprout_EN-US2459675162_UHD.jpg,"A young coast redwood sprouting out of an old log in Prairie Creek Redwoods State Park, California (© Hutch Axilrod/Getty Images)"
130,20220428,Bing,https://cn.bing.com/th?id=OHR.FoxSkills_EN-US2404818455_UHD.jpg,"Fox kits practice their hunting skills, Quebec, Canada (© Vlad Kamenski/Shutterstock)"
131,20220427,Bing,https://cn.bing.com/th?id=OHR.SvalbardSun_EN-US2348209213_UHD.jpg,"Midnight sun in Svalbard, Norway (© Nature Picture Library/Alamy)"
132,20220426,Bing,https://cn.bing.com/th?id=OHR.WalkingCentral_EN-US2266373197_UHD.jpg,"Central Park, New York City (© Tony Shi Photography/Getty Images)"
133,20220425,Bing,https://cn.bing.com/th?id=OHR.ThreeKings_EN-US2202898186_UHD.jpg,"Three king penguins on the shore of St. Andrew's Bay, South Georgia Island (© Paul Souders/Getty Images)"
134,20220424,Bing,https://cn.bing.com/th?id=OHR.YosemiteNightSky_EN-US2099671650_UHD.jpg,"Milky Way rising above Half Dome in Yosemite National Park, California (© Cory Marshall/Tandem Stills + Motion)"
135,20220423,Bing,https://cn.bing.com/th?id=OHR.TheEye_EN-US1955504804_UHD.jpg,"Tianjin Binhai New Area Library in Tianjin, China (© Imaginechina Limited/Alamy)"
136,20220422,Bing,https://cn.bing.com/th?id=OHR.EarthDay2022_EN-US1806321261_UHD.jpg,"Small lake in Karula National Park, Valgamaa County, Estonia (© Sven Zacek/Minden Pictures)"
137,20220421,Bing,https://cn.bing.com/th?id=OHR.IcelandicSummer_EN-US6680616324_UHD.jpg,"Sheep graze along a road, Iceland (© Matthew Kuhns/Tandem Stills + Motion)"
138,20220420,Bing,https://cn.bing.com/th?id=OHR.MuteSwan_EN-US6400507861_UHD.jpg,"Mute swan chicks shelter under mom's tail feathers, Massapequa Preserve, Long Island, New York (© Vicki Jauron/Getty Images)"
139,20220419,Bing,https://cn.bing.com/th?id=OHR.PlitviceBoardwalk_EN-US6264296543_UHD.jpg,"Plitvice Lakes National Park, Croatia (© Janne Kahila/Getty Images)"
140,20220418,Bing,https://cn.bing.com/th?id=OHR.SquareTowerHouse_EN-US5990660612_UHD.jpg,"Square Tower House in Mesa Verde National Park, Colorado (© lightphoto/Getty Images)"
141,20220417,Bing,https://cn.bing.com/th?id=OHR.RobinsEgg_EN-US5615411748_UHD.jpg,The blue eggs of an American robin in New Jersey (© Mira/Alamy)
142,20220416,Bing,https://cn.bing.com/th?id=OHR.Yellowstone150_EN-US5394661102_UHD.jpg,"Aerial view of Grand Prismatic Spring, Yellowstone National Park, Wyoming (© AirPano LLC/Amazing Aerial Agency)"
143,20220415,Bing,https://cn.bing.com/th?id=OHR.ChristoJeanneClaude_EN-US5281746588_UHD.jpg,"'L'Arc de Triomphe, Wrapped,' an art installation by Christo and Jeanne-Claude on September 24, 2021, in Paris, France (© Bruno de HOGUES/Getty Images)"
144,20220414,Bing,https://cn.bing.com/th?id=OHR.AZBend_EN-US5187337431_UHD.jpg,"Horseshoe Bend, Arizona (© Michael Dunn/Getty Images)"
145,20220413,Bing,https://cn.bing.com/th?id=OHR.Mitsumata_EN-US4759994973_UHD.jpg,Mitsumata (aka paperbush) in a forest in Japan (© nattya3714/Getty Images)
146,20220412,Bing,https://cn.bing.com/th?id=OHR.WaningGibbous_EN-US4639615556_UHD.jpg,"Waning gibbous moon above the Earth's horizon, photographed from the International Space Station (© NASA)"
147,20220411,Bing,https://cn.bing.com/th?id=OHR.FernFronds_EN-US4495822186_UHD.jpg,"Fiddlehead fern fronds in Quebec, Canada (© Marianna Armata/Getty Images)"
148,20220410,Bing,https://cn.bing.com/th?id=OHR.Caracal_EN-US4384489380_UHD.jpg,Caracal cubs (© Marion Vollborn/Minden Pictures)
149,20220409,Bing,https://cn.bing.com/th?id=OHR.LightPainting_EN-US4249414714_UHD.jpg,"Arvada Skatepark, Arvada, Colorado (© Jon Paciaroni/Getty Images)"
150,20220408,Bing,https://cn.bing.com/th?id=OHR.PontaDelgada_EN-US4010436071_UHD.jpg,"Coast near Ponta Delgada, Madeira, Portugal (© Jan Wlodarczyk/Alamy)"
151,20220407,Bing,https://cn.bing.com/th?id=OHR.Malaga_EN-US1459419942_UHD.jpg,"Old town of Málaga, Spain (© Sean Pavone Photo/Getty Images)"
152,20220406,Bing,https://cn.bing.com/th?id=OHR.NorthernCaracara_EN-US1355888776_UHD.jpg,Crested caracara birds courting in Texas (© Alan Murphy/Minden Pictures)
153,20220405,Bing,https://cn.bing.com/th?id=OHR.Godafoss_EN-US1167261968_UHD.jpg,"Goðafoss waterfall under the northern lights, Iceland (© Anton Petrus/Getty Images)"
154,20220404,Bing,https://cn.bing.com/th?id=OHR.NorwayBoulder_EN-US1049217849_UHD.jpg,"The Kjeragbolten boulder on the mountain Kjerag in Rogaland county, Norway (© Angel FAyE/Getty Images)"
155,20220403,Bing,https://cn.bing.com/th?id=OHR.TaihuCherry_EN-US0871129862_UHD.jpg,"Cherry blossoms at Lake Tai at Wuxi, China (© Eric Yang/Getty Images)"
156,20220402,Bing,https://cn.bing.com/th?id=OHR.WhangareiFalls_EN-US0789271044_UHD.jpg,"Whangārei Falls near the city of Whangārei, North Island, New Zealand (© Nathan Kavumbura/Getty Images)"
157,20220401,Bing,https://cn.bing.com/th?id=OHR.FloatingPyramid_EN-US0665970384_UHD.jpg,"'Greetings from Giza,' an installation by the artist JR, Cairo, Egypt (© Ammar ABD RABBO/Abaca Press/Alamy)"
158,20220331,Bing,https://cn.bing.com/th?id=OHR.AnniEiffel_EN-US0532501564_UHD.jpg,"Eiffel Tower in Paris, France (© Susanne Kremer/eStock Photo)"
159,20220330,Bing,https://cn.bing.com/th?id=OHR.BeltedGalloway_EN-US0423647307_UHD.jpg,Belted Galloway cows in Scotland (© JohnFScott/Getty Images)
160,20220329,Bing,https://cn.bing.com/th?id=OHR.Buritaca_EN-US0256425153_UHD.jpg,"Caribbean coast near Parque Nacional Natural Tayrona, Colombia (© Nicholas Hills/Getty Images)"
161,20220328,Bing,https://cn.bing.com/th?id=OHR.Kawachi_EN-US0111381625_UHD.jpg,"Wisteria blooms at Kawachi Fuji Garden in Kitakyushu, Japan (© Steve Tan C K Photography/Getty Images)"
162,20220327,Bing,https://cn.bing.com/th?id=OHR.TeatroAntico_EN-US9864647927_UHD.jpg,"Ancient theater of Taormina in Sicily, Italy (© Antonino Bartuccio/eStock Photo)"
163,20220326,Bing,https://cn.bing.com/th?id=OHR.YellowCrocuses_EN-US9416168776_UHD.jpg,Great tit and yellow crocuses (© Nataba/Getty Images)
164,20220325,Bing,https://cn.bing.com/th?id=OHR.Rivendell_EN-US9228594102_UHD.jpg,Lauterbrunnen Valley in the Swiss Alps (© Leonid Andronov/Getty Images)
165,20220324,Bing,https://cn.bing.com/th?id=OHR.SquirrelNesting_EN-US9878096346_UHD.jpg,"Red squirrel in a nest of lichen and pine needles, Scottish Highlands (© Neil Anderson/Minden Pictures)"
166,20220323,Bing,https://cn.bing.com/th?id=OHR.GCThunderstorm_EN-US9801749958_UHD.jpg,"Grand Canyon National Park during a thunderstorm, Arizona (© spkeelin/Getty Images)"
167,20220322,Bing,https://cn.bing.com/th?id=OHR.ThousandSprings_EN-US9722040396_UHD.jpg,"Waterfalls in Thousand Springs State Park, Hagerman Valley, Idaho (© knowlesgallery/Getty Images)"
168,20220321,Bing,https://cn.bing.com/th?id=OHR.TheBard_EN-US9600542823_UHD.jpg,"Holy Trinity Church, Stratford-upon-Avon, England (© James Osmond/Getty Images)"
169,20220320,Bing,https://cn.bing.com/th?id=OHR.WorldFrogDay_EN-US9497103821_UHD.jpg,"Javan tree frog, Indonesia (© kuritafsheen/Getty Images)"
170,20220319,Bing,https://cn.bing.com/th?id=OHR.Chicagohenge_EN-US9296950779_UHD.jpg,"Chicagohenge sunset, Chicago, Illinois (© Razvan Sera/Amazing Aerial Agency)"
171,20220318,Bing,https://cn.bing.com/th?id=OHR.Holi2022_EN-US9217068703_UHD.jpg,Multicolored powders for sale during Holi (© Nuno Valadas/Getty Images)
172,20220317,Bing,https://cn.bing.com/th?id=OHR.Shamrocks_EN-US9111259398_UHD.jpg,"Coastal redwoods and wood sorrel, Prairie Creek Redwoods State Park, California (© Jack Dykinga/Minden Pictures)"
173,20220316,Bing,https://cn.bing.com/th?id=OHR.PandaDay_EN-US8900387316_UHD.jpg,"Giant panda in Wolong National Nature Reserve, Sichuan, China (© Katherine Feng/Minden Pictures)"
174,20220315,Bing,https://cn.bing.com/th?id=OHR.RomanView_EN-US8748621183_UHD.jpg,"The Roman Forum, Rome, Italy (© Peter Zelei Images/Getty Images)"
175,20220314,Bing,https://cn.bing.com/th?id=OHR.LanyonQuoit_EN-US8594676410_UHD.jpg,"Lanyon Quoit burial chamber, Cornwall, England (© Guy Edwardes/Minden Pictures)"
176,20220313,Bing,https://cn.bing.com/th?id=OHR.SpringForward_EN-US1766679331_UHD.jpg,A European hare jumps through a wetland in the Netherlands (© Jim Brandenburg/Minden Pictures)
177,20220312,Bing,https://cn.bing.com/th?id=OHR.GirlScouts_EN-US8024158740_UHD.jpg,"Girl Scouts camping on the shore of Todd Lake in 1960, Deschutes National Forest, Oregon (© CORBIS/Corbis via Getty Images)"
178,20220311,Bing,https://cn.bing.com/th?id=OHR.UkraineSolidarity_EN-US5145726986_UHD.jpg,"Field of sunflowers, Ukraine's national flower (© Oleksandrum/Shutterstock)"
179,20220310,Bing,https://cn.bing.com/th?id=OHR.BobbioItaly_EN-US7115321929_UHD.jpg,"The Ponte Vecchio, a bridge near Bobbio, Italy (© afinocchiaro/Getty Images)"
180,20220309,Bing,https://cn.bing.com/th?id=OHR.FlowerofLife_EN-US7000703872_UHD.jpg,"The 'Flower of Life' symbol drawn in the snow by artist Michael Uy, Jacobsdorf, Brandenburg, Germany (© Patrick Pleul/picture alliance via Getty Images)"
181,20220308,Bing,https://cn.bing.com/th?id=OHR.BrokenGlass_EN-US4411138843_UHD.jpg,The 'Fearless Girl' statue outside the New York Stock Exchange in New York City (© Brendan McDermid/Alamy)
182,20220307,Bing,https://cn.bing.com/th?id=OHR.NZTekapo_EN-US6844591784_UHD.jpg,Lake Tekapo with Aoraki/Mount Cook National Park in the background on New Zealand's South Island (© Sophie Dover/Getty Images)
183,20220306,Bing,https://cn.bing.com/th?id=OHR.GreatCormorants_EN-US6757700805_UHD.jpg,"Great cormorants gliding through a snowstorm in Hesse, Germany (© Wilfried Martin/Getty Images)"
184,20220305,Bing,https://cn.bing.com/th?id=OHR.NormandyMont_EN-US8981907834_UHD.jpg,"The island of Mont-Saint-Michel in Normandy, France (© DaLiu/Getty Images)"
185,20220304,Bing,https://cn.bing.com/th?id=OHR.ParalympicCurling_EN-US6499596752_UHD.jpg,"The National Aquatics Center in Beijing, China (© Han Haidan/China News Service via Getty Images)"
186,20220303,Bing,https://cn.bing.com/th?id=OHR.RhinocerosUnicornis_EN-US6415146430_UHD.jpg,"Greater one-horned rhinoceroses in Kaziranga National Park, Assam, India (© Robert Harding World Imagery/Shutterstock)"
187,20220302,Bing,https://cn.bing.com/th?id=OHR.MoonlightRainier_EN-US6336057354_UHD.jpg,"Moonlight and the Milky Way over Mount Rainier in Mount Rainier National Park, Washington (© Brad Goldpaint/Cavan)"
188,20220301,Bing,https://cn.bing.com/th?id=OHR.USArmyNurse_EN-US6247095196_UHD.jpg,"US Army Nurse Corps personnel, 1944 (© Bettmann/Getty Images)"
189,20220228,Bing,https://cn.bing.com/th?id=OHR.WinterCotswolds_EN-US6070178452_UHD.jpg,"Hoarfrost and snow in the Cotswolds, England (© Peter Adams/Getty Images)"
190,20220227,Bing,https://cn.bing.com/th?id=OHR.IPBDMom_EN-US5866127837_UHD.jpg,"Polar bear mother with cubs in Wapusk National Park, Manitoba, Canada (© Andre Gilden/Minden Pictures)"
191,20220226,Bing,https://cn.bing.com/th?id=OHR.LamplughGlacier_EN-US2202288609_UHD.jpg,"Lamplugh Glacier in Glacier Bay National Park, Alaska (© Andrew Peacock/Getty Images)"
192,20220225,Bing,https://cn.bing.com/th?id=OHR.LegacyMural_EN-US8368318184_UHD.jpg,"'Legacy' mural painted by Josh Sarantitis and Eric Okdeh within the Mural Arts Program in Philadelphia, Pennsylvania (© Vespasian/Alamy)"
193,20220224,Bing,https://cn.bing.com/th?id=OHR.CrystalCave_EN-US8679086426_UHD.jpg,"Flowing river inside a glacier cave, Vatnajökull, Iceland (© Marco Bottigelli/Getty Images)"
194,20220223,Bing,https://cn.bing.com/th?id=OHR.CypressTunnel_EN-US8549840019_UHD.jpg,The cypress tunnel at Point Reyes National Seashore in California (© Spondylolithesis/Getty Images)
195,20220222,Bing,https://cn.bing.com/th?id=OHR.BactrianCamels_EN-US6701629967_UHD.jpg,Two Bactrian camels in Kazakhstan for Twosday (© Nurlan Kulcha/Alamy)
196,20220221,Bing,https://cn.bing.com/th?id=OHR.PrezMonument_EN-US6640683728_UHD.jpg,"The Washington Monument seen from the Lincoln Memorial in Washington, DC (© lucky-photographer/Getty Images)"
197,20220220,Bing,https://cn.bing.com/th?id=OHR.WhalesDolphins_EN-US8179813228_UHD.jpg,"Humpback whales and dolphins, Hawaii (© drewsulockcreations/Getty Images)"
198,20220219,Bing,https://cn.bing.com/th?id=OHR.LoganClouds_EN-US6578910655_UHD.jpg,"Mount Logan in Kluane National Park and Reserve, Yukon, Canada (© plainpicture/Design Pics/Robert Postma)"
199,20220218,Bing,https://cn.bing.com/th?id=OHR.GreatTits_EN-US6474534267_UHD.jpg,Great tits on a branch during winter in France (© Eric Ferry/Alamy)
200,20220217,Bing,https://cn.bing.com/th?id=OHR.FlamencoDance_EN-US9399847343_UHD.jpg,"Flamenco dancers outside Palma de Majorca, Spain (© Torleif Svensson/Getty Images)"
201,20220216,Bing,https://cn.bing.com/th?id=OHR.CranborneChase_EN-US7744531561_UHD.jpg,"Beech woodland in hoarfrost, Cranborne Chase, Dorset, England (© Guy Edwardes/Minden Pictures)"
202,20220215,Bing,https://cn.bing.com/th?id=OHR.ChengduLanterns_EN-US7601052983_UHD.jpg,"Red lanterns hanging on trees during the Lantern Festival in Chengdu, Sichuan, China (© Philippe Lejeanvre/Getty Images)"
203,20220214,Bing,https://cn.bing.com/th?id=OHR.MaldivesHeart_EN-US7219773610_UHD.jpg,"Heart-shaped island with sandy beach, offshore coral reef, Indian Ocean, Maldives (© Willyam Bradberry/Shutterstock)"
204,20220213,Bing,https://cn.bing.com/th?id=OHR.FaceOff_EN-US7097284176_UHD.jpg,"American bison in Yellowstone National Park, Wyoming (© Gerald Corsi/Getty Images)"
205,20220212,Bing,https://cn.bing.com/th?id=OHR.DarwinsArch_EN-US6875224451_UHD.jpg,"Darwin's Arch with Darwin Island in background, Galápagos, Ecuador (© miralex/Getty Images)"
206,20220211,Bing,https://cn.bing.com/th?id=OHR.TriptychGo_EN-US6716244048_UHD.jpg,"'Go' by Kehinde Wiley, displayed inside Moynihan Train Hall at New York City's Penn Station (© Spencer Platt/Getty Images)"
207,20220210,Bing,https://cn.bing.com/th?id=OHR.SnowyBern_EN-US4094122962_UHD.jpg,"The Old City of Bern, Switzerland (© Xantana/Getty Images)"
208,20220209,Bing,https://cn.bing.com/th?id=OHR.JukkasjarviIcehotel_EN-US2915409149_UHD.jpg,"The Ceremony Hall of Icehotel in Jukkasjarvi, Sweden (© Wolfgang Kaehler/LightRocket via Getty Images)"
209,20220208,Bing,https://cn.bing.com/th?id=OHR.UFOPetroglyphs_EN-US2840363119_UHD.jpg,"Rock art near Santa Fe, New Mexico (© Scott Warren/Cavan)"
210,20220207,Bing,https://cn.bing.com/th?id=OHR.RideauSkating_EN-US2750684316_UHD.jpg,"Rideau Canal Skateway during Winterlude in Ottawa, Canada (© Preappy/Getty Images)"
211,20220206,Bing,https://cn.bing.com/th?id=OHR.Oymyakon_EN-US2605911531_UHD.jpg,"Winter in Oymyakon, Russia (© Alexandr Berdicevschi/Getty Images)"
212,20220205,Bing,https://cn.bing.com/th?id=OHR.MexicoMonarchs_EN-US2528130763_UHD.jpg,"Monarch butterflies in the Monarch Butterfly Biosphere Reserve, Angangueo, Mexico (© Sylvain Cordier/Minden Pictures)"
213,20220204,Bing,https://cn.bing.com/th?id=OHR.BigAir_EN-US2270839035_UHD.jpg,"Big Air Shougang venue in Shijingshan District, Beijing, China (© Gao Zehong/VCG via Getty Images)"
214,20220203,Bing,https://cn.bing.com/th?id=OHR.FortCorjuem_EN-US2158456164_UHD.jpg,"Corjuem Fort in Goa, India (© Ingvar Kuznetsov/Shutterstock)"
215,20220202,Bing,https://cn.bing.com/th?id=OHR.GHDMarmot_EN-US2087184765_UHD.jpg,"Alpine marmot in Hohe Tauern National Park, Austria (© Misja Smits/Minden Pictures)"
216,20220201,Bing,https://cn.bing.com/th?id=OHR.HarlemHellfighters_EN-US2009292254_UHD.jpg,"The 369th Infantry returns to New York City, 1919 (© Science History Images/Alamy)"
217,20220131,Bing,https://cn.bing.com/th?id=OHR.IncenseFieldVietnam_EN-US1945575858_UHD.jpg,"Workers sorting incense in the Huyện Ứng Hòa district of Hanoi, Vietnam (© Azim Khan Ronnie/Amazing Aerial Agency)"
218,20220130,Bing,https://cn.bing.com/th?id=OHR.WinterHalo_EN-US1847885731_UHD.jpg,"Halo around the sun in the Ore Mountains, Saxony, Germany (© Martin Ruegner/Getty Images)"
219,20220129,Bing,https://cn.bing.com/th?id=OHR.BrainCoral_EN-US1756508308_UHD.jpg,"Symmetrical brain coral on a reef in the Caribbean Sea near Grand Cayman, Cayman Islands (© Alex Mustard/Minden Pictures)"
220,20220128,Bing,https://cn.bing.com/th?id=OHR.WinteringFowl_EN-US1541559315_UHD.jpg,"Short-eared owl hunting at dusk in Worlaby Carrs, Lincolnshire, England (© Ben Hall/Minden Pictures)"
221,20220127,Bing,https://cn.bing.com/th?id=OHR.RibbontailStingray_EN-US2193500448_UHD.jpg,"Bluespotted ribbontail ray near Perth, Australia (© Jeff Rotman/Minden Pictures)"
222,20220126,Bing,https://cn.bing.com/th?id=OHR.MehrangarhCourtyard_EN-US2129728794_UHD.jpg,"Mehrangarh Fort in Jodhpur, Rajasthan, India (© Jayakumar/Shutterstock)"
223,20220125,Bing,https://cn.bing.com/th?id=OHR.StDwynwensDay_EN-US2056417486_UHD.jpg,"Tŵr Mawr lighthouse on Llanddwyn Island, Anglesey, Wales (© Joe Daniel Price/Getty Images)"
224,20220124,Bing,https://cn.bing.com/th?id=OHR.ManhattanView_EN-US1961282866_UHD.jpg,Lower Manhattan in New York City (© New York On Air/Offset/Shutterstock)
225,20220123,Bing,https://cn.bing.com/th?id=OHR.MeotoIwa_EN-US1871391855_UHD.jpg,"Meoto Iwa (Wedded Rocks) off the coast of Futami, Mie Prefecture, Honshu, Japan (© Marco Gaiotti/plainpicture)"
226,20220122,Bing,https://cn.bing.com/th?id=OHR.LesserAntilles_EN-US1658249198_UHD.jpg,"Martinique, Lesser Antilles, Caribbean Sea (© Airpano LLC/Amazing Aerial Agency)"
227,20220121,Bing,https://cn.bing.com/th?id=OHR.HuggingDay_EN-US1567289484_UHD.jpg,"A lion cub and mother in Sabi Sabi Game Reserve, South Africa (© Andrew Coleman/Getty Images)"
228,20220120,Bing,https://cn.bing.com/th?id=OHR.GrahamAdelie_EN-US1408856353_UHD.jpg,"Adélie penguin in Graham Passage, Antarctic Peninsula, Antarctica (© Nick Garbutt/Minden Pictures)"
229,20220119,Bing,https://cn.bing.com/th?id=OHR.SaintElias_EN-US1325738273_UHD.jpg,"Saint Elias Mountains and Kaskawulsh Glacier in Kluane National Park and Reserve, Yukon, Canada (© Design Pics Inc/Alamy)"
230,20220118,Bing,https://cn.bing.com/th?id=OHR.AshdownForest_EN-US1230205282_UHD.jpg,"Ashdown Forest, home of Winnie-the-Pooh, England (© Mark Phillips/Alamy)"
231,20220117,Bing,https://cn.bing.com/th?id=OHR.TarrMemorial_EN-US1006824946_UHD.jpg,MLK memorial sculpture by William Tarr outside of Martin Luther King Jr. Educational Campus in New York City (© Randy Duchaine/Alamy)
232,20220116,Bing,https://cn.bing.com/th?id=OHR.BoguraChili_EN-US0800461661_UHD.jpg,"Sorting chili peppers at a farm in Bogra, Bangladesh (© Amazing Aerial Agency/Offset/Shutterstock)"
233,20220115,Bing,https://cn.bing.com/th?id=OHR.BigHole_EN-US0665897807_UHD.jpg,To Sua Ocean Trench on the south coast of Upolu Island in Samoa (© Chris McLennan/Alamy)
234,20220114,Bing,https://cn.bing.com/th?id=OHR.SaCalobra_EN-US0398649435_UHD.jpg,The road leading to Sa Calobra on the Spanish Balearic island of Majorca (© Tolo Balaguer/agefotostock)
235,20220113,Bing,https://cn.bing.com/th?id=OHR.TasiilaqAurora_EN-US1844697925_UHD.jpg,"Northern lights over a stranded boat in Tasiilaq, Greenland (© Shane P. White/Minden Pictures)"
236,20220112,Bing,https://cn.bing.com/th?id=OHR.FanjingStairs_EN-US7395504080_UHD.jpg,Mount Fanjing in southwest China (© zhuxiaophotography/Shutterstock)
237,20220111,Bing,https://cn.bing.com/th?id=OHR.PorcupineWillow_EN-US1683070352_UHD.jpg,"A porcupine hangs on a willow tree branch, Alaska (© Design Pics/Danita Delimont)"
238,20220110,Bing,https://cn.bing.com/th?id=OHR.SkiTouring_EN-US1605895803_UHD.jpg,"Ski touring in the High Tauern mountain range near Bad Gastein, Austria (© RooM the Agency/Alamy)"
239,20220109,Bing,https://cn.bing.com/th?id=OHR.RiceBangladesh_EN-US1519717699_UHD.jpg,"Rice laid out to dry in Dhamrai, Dhaka, Bangladesh (© Amazing Aerial Agency/Offset by Shutterstock)"
240,20220108,Bing,https://cn.bing.com/th?id=OHR.WinterBison_EN-US1438810655_UHD.jpg,"American bison in Yellowstone National Park, Wyoming (© Steve Gettle/Minden Pictures)"
241,20220107,Bing,https://cn.bing.com/th?id=OHR.FortedeSao_EN-US1357701666_UHD.jpg,"Nazaré Lighthouse atop Forte de São Miguel Arcanjo, Nazaré, Portugal (© Richard A Lock/Getty Images)"
242,20220106,Bing,https://cn.bing.com/th?id=OHR.LakeKochelsee_EN-US1286605700_UHD.jpg,"Kochelsee and Heimgarten Mountain in Bavaria, Germany (© Reinhard Schmid/eStock Photo)"
243,20220105,Bing,https://cn.bing.com/th?id=OHR.MountainToucan_EN-US7120632569_UHD.jpg,"Plate-billed mountain toucan in Bellavista Cloud Forest Reserve, Ecuador (© Tui De Roy/Minden Pictures)"
244,20220104,Bing,https://cn.bing.com/th?id=OHR.BorregoBadlands_EN-US1149642347_UHD.jpg,"Borrego Badlands in Anza-Borrego Desert State Park, California (© Tom Hogan/plainpicture)"
245,20220103,Bing,https://cn.bing.com/th?id=OHR.LickObservatory_EN-US1062377366_UHD.jpg,"The Lick Observatory on Mount Hamilton, near San Jose, California (© Jeffrey Lewis/Tandem Stills + Motion)"
246,20220102,Bing,https://cn.bing.com/th?id=OHR.SnowyPrague_EN-US0983025054_UHD.jpg,"Skyline of Prague, Czech Republic (© benkrut/Getty Images)"
247,20220101,Bing,https://cn.bing.com/th?id=OHR.JonesBeachHarpSeal_EN-US0716413455_UHD.jpg,"Harp seal sleeping at Jones Beach, Long Island, New York (© Vicki Jauron, Babylon and Beyond Photography/Getty Images)"
248,20211231,Bing,https://cn.bing.com/th?id=OHR.IcelandBonfire_EN-US0626821282_UHD.jpg,"Bonfire to celebrate New Year's Eve in 2014 in Reykjavik, Iceland (© Ragnar Th Sigurdsson/Alamy)"
249,20211230,Bing,https://cn.bing.com/th?id=OHR.WesterheverLight_EN-US2289133174_UHD.jpg,"Westerheversand Lighthouse in Westerhever, Germany (© Sandra Bartocha/Minden Pictures)"
250,20211229,Bing,https://cn.bing.com/th?id=OHR.OreamnosAmericanus_EN-US2195826157_UHD.jpg,"Mountain goats in the Yukon, Canada (© Mark Newman/Getty Images)"
251,20211228,Bing,https://cn.bing.com/th?id=OHR.KjellHenriksen_EN-US2132845054_UHD.jpg,"Kjell Henriksen Observatory in Svalbard, Norway (© Vincent Fournier/Gallery Stock)"
252,20211227,Bing,https://cn.bing.com/th?id=OHR.SnowBuntings_EN-US2049981598_UHD.jpg,Snow buntings flock during a snowstorm in New York (© Marie Read/Minden Pictures)
253,20211226,Bing,https://cn.bing.com/th?id=OHR.RPIR_EN-US1987126650_UHD.jpg,"Royal Pavilion Ice Rink in Brighton, England (© Chris Gorman/Getty Images)"
254,20211225,Bing,https://cn.bing.com/th?id=OHR.KhomyakMountain_EN-US1885920810_UHD.jpg,"Trees on the northern slope of Mount Khomyak in the Carpathian Mountains, Ukraine (© panaramka/Getty Images)"
255,20211224,Bing,https://cn.bing.com/th?id=OHR.Rauchnachte_EN-US1813952832_UHD.jpg,"Christmas tree at Weissensee, a small lake near Ehrwald in Tyrol, Austria (© nagelestock/Alamy)"
256,20211223,Bing,https://cn.bing.com/th?id=OHR.ManitobaBears_EN-US1696173596_UHD.jpg,"Two young male polar bears, Churchill, Manitoba, Canada (© Cheryl Ramalho/Getty Images)"
257,20211222,Bing,https://cn.bing.com/th?id=OHR.AnnecyFrance_EN-US1633083371_UHD.jpg,"Winter scene illuminated on the Palais de l'Isle in Annecy, Haute Savoie, France (© blickwinkel/Alamy)"
258,20211221,Bing,https://cn.bing.com/th?id=OHR.SiberianSunset_EN-US1546434644_UHD.jpg,"Sunlight in the forest of Western Siberia, near the city of Raduzhny, Russia (© Leonid Ikan/Shutterstock)"
259,20211220,Bing,https://cn.bing.com/th?id=OHR.MinistryofFun_EN-US1476020471_UHD.jpg,"Performers from the Ministry of Fun Santa School in London, England (© Matt Dunham/AP Photo)"
260,20211219,Bing,https://cn.bing.com/th?id=OHR.AtigunPassAurora_EN-US1398930278_UHD.jpg,Aurora borealis above the Brooks Range in Alaska (© Noppawat Tom Charoensinphon/Getty Images)
261,20211218,Bing,https://cn.bing.com/th?id=OHR.MoonBeforeYule_EN-US1324527438_UHD.jpg,The December full moon seen through holiday lights (© Jesus Merida/Getty Images)
262,20211217,Bing,https://cn.bing.com/th?id=OHR.XmasBeachHuts_EN-US1205413660_UHD.jpg,"Christmas-themed beach huts in Bournemouth, England (© Allouphoto/Alamy)"
263,20211216,Bing,https://cn.bing.com/th?id=OHR.ENBNutcracker_EN-US0826373363_UHD.jpg,"The English National Ballet's 2016 production of 'The Nutcracker' at the London Coliseum in London, England (© Robbie Jack/Corbis via Getty Images)"
264,20211215,Bing,https://cn.bing.com/th?id=OHR.SantaJusta_EN-US0729688469_UHD.jpg,"The chapel and hermitage of Santa Justa in Cantabria, Spain (© Luis Miguel Martin/Getty Images)"
265,20211214,Bing,https://cn.bing.com/th?id=OHR.AmericanRobin_EN-US0648462541_UHD.jpg,American robin perched on a branch in Canada (© marcophotos/Getty Images)
266,20211213,Bing,https://cn.bing.com/th?id=OHR.ElPanecilloHill_EN-US0550689224_UHD.jpg,"Old Town and El Panecillo Hill in Quito, Ecuador (© Karol Kozlowski/plainpicture)"
267,20211212,Bing,https://cn.bing.com/th?id=OHR.WickerCultivation_EN-US0445418085_UHD.jpg,"Wicker fields in Cañamares, Spain (© David Santiago Garcia/Alamy)"
268,20211211,Bing,https://cn.bing.com/th?id=OHR.ShadowEverest_EN-US0301475882_UHD.jpg,"The shadow of Mount Everest over the western Himalayas in Nepal (© Kent Karvey/KH Films, Inc./Tandem Stills + Motion)"
269,20211210,Bing,https://cn.bing.com/th?id=OHR.FoxDovrefjell_EN-US0110441003_UHD.jpg,"Arctic fox in Dovrefjell-Sunndalsfjella National Park, Norway (© Andy Trowbridge/Minden Pictures)"
270,20211209,Bing,https://cn.bing.com/th?id=OHR.GlowWormBMNP_EN-US9968994144_UHD.jpg,"Glowworms in Blue Mountains National Park, Australia (© Leelakajonkij/Getty Images)"
271,20211208,Bing,https://cn.bing.com/th?id=OHR.PFNPAZ_EN-US9883303055_UHD.jpg,"Petrified Forest National Park, Arizona (© Ian Shive/Tandem Stills + Motion)"
272,20211207,Bing,https://cn.bing.com/th?id=OHR.USSBowfin_EN-US9736688640_UHD.jpg,"US Navy sailors on the WWII museum ship USS Bowfin in Honolulu, Hawaii (© US Navy Photo/Alamy)"
273,20211206,Bing,https://cn.bing.com/th?id=OHR.DesignDrawing_EN-US9669742568_UHD.jpg,An 1840 design for the Analytical Engine by Charles Babbage (© Science & Society Picture Library/Getty Images)
274,20211205,Bing,https://cn.bing.com/th?id=OHR.SalzburgKrampus_EN-US9186815435_UHD.jpg,"The Salzach River in Salzburg, Austria (© MacEaton/Alamy)"
275,20211204,Bing,https://cn.bing.com/th?id=OHR.MotherCheetah_EN-US8957244847_UHD.jpg,"Mother cheetah and her cub in the Masai Mara National Reserve, Kenya (© gudkovandrey/Adobe Stock)"
276,20211203,Bing,https://cn.bing.com/th?id=OHR.FrostLeaves_EN-US1373620502_UHD.jpg,Autumn leaves coated with frost (© sagarmanis/Getty Images)
277,20211202,Bing,https://cn.bing.com/th?id=OHR.DenaliDall_EN-US6468096657_UHD.jpg,"Dall sheep rams at Polychrome Pass, Denali National Park, Alaska (© Patrick J. Endres/Getty Images)"
278,20211201,Bing,https://cn.bing.com/th?id=OHR.CuvervilleIsland_EN-US6408758499_UHD.jpg,"Blue icebergs near Cuverville Island, Antarctica (© Mike Hill/Getty Images)"
279,20211130,Bing,https://cn.bing.com/th?id=OHR.ElephantGiving_EN-US6321886502_UHD.jpg,African bush elephants at Masai Mara National Reserve in Kenya (© Yva Momatiuk and John Eastcott/Minden Pictures)
280,20211129,Bing,https://cn.bing.com/th?id=OHR.RainbowMountain_EN-US6261660627_UHD.jpg,"Aerial view of snowy peaks of Vinicunca (aka Rainbow Mountain), Peru (© Jude Newkirk/Amazing Aerial Agency)"
281,20211128,Bing,https://cn.bing.com/th?id=OHR.CentennialBridge_EN-US6155436919_UHD.jpg,"Centennial Bridge towering above Soberanía National Park, Panama (© David Tipling/Universal Images Group via Getty Images)"
282,20211127,Bing,https://cn.bing.com/th?id=OHR.PennStation_EN-US6091764013_UHD.jpg,Aerial view of Penn Station and the New York City skyline at night in the 1950s (© R. Gates -Staff/Getty Images)
283,20211126,Bing,https://cn.bing.com/th?id=OHR.ZuniOlla_EN-US6008756986_UHD.jpg,"Zuni Olla Maidens at the annual Inter-Tribal Ceremonial in Gallup, New Mexico (© Julien McRoberts/Danita Delimont)"
284,20211125,Bing,https://cn.bing.com/th?id=OHR.SquirrelsCairngorms_EN-US5854811896_UHD.jpg,"Red squirrels in Cairngorms National Park, Highlands, Scotland (© Scotland: The Big Picture/Minden Pictures)"
285,20211124,Bing,https://cn.bing.com/th?id=OHR.ChocoHillBohol_EN-US5790786094_UHD.jpg,"Chocolate Hills in Bohol, Philippines (© Danita Delimont/Offset by Shutterstock)"
286,20211123,Bing,https://cn.bing.com/th?id=OHR.AmmoniteShell_EN-US5528406530_UHD.jpg,Cross-section of a fossilized ammonite shell (© Marianna Armata/Getty Images)
287,20211122,Bing,https://cn.bing.com/th?id=OHR.IrohazakaRoad_EN-US5310275011_UHD.jpg,"Irohazaka road near Nikkō, Japan (© LightRecords/Shutterstock)"
288,20211121,Bing,https://cn.bing.com/th?id=OHR.Invergarry_EN-US5187949443_UHD.jpg,"Forest near the village of Invergarry, Scotland (© Matt Anderson Photography/Getty Images)"
289,20211120,Bing,https://cn.bing.com/th?id=OHR.NewBreath_EN-US9754279186_UHD.jpg,"'A New Breath' by artist Saype in Moléson-sur-Gruyères, Switzerland (© Valentin Flauraud/Shutterstock)"
290,20211119,Bing,https://cn.bing.com/th?id=OHR.LeftForkNorth_EN-US4970545518_UHD.jpg,"The Subway slot canyon in Zion National Park, Utah (© Stan Moniz/Tandem Stills + Motion)"
291,20211118,Bing,https://cn.bing.com/th?id=OHR.TisaBohemian_EN-US4154092405_UHD.jpg,"Bohemian Switzerland National Park near Tisá, Czech Republic (© Amazing Aerial Agency/Offset)"
292,20211117,Bing,https://cn.bing.com/th?id=OHR.CorkscrewSwamp_EN-US9329132226_UHD.jpg,Boardwalk Trail at Corkscrew Swamp Sanctuary in Florida (© Bill Gozansky/Alamy)
293,20211116,Bing,https://cn.bing.com/th?id=OHR.HogwartsExpress_EN-US9194653227_UHD.jpg,"The Jacobite steam train crossing the Glenfinnan Viaduct in Inverness-shire, Scotland (© The Escape of Malee/Shutterstock)"
294,20211115,Bing,https://cn.bing.com/th?id=OHR.FloridaManatee_EN-US9136189368_UHD.jpg,Manatee in Florida (© Paul E Tessier/Cavan Images/Offset by Shutterstock)
295,20211114,Bing,https://cn.bing.com/th?id=OHR.FirstCliff_EN-US9082558650_UHD.jpg,"First Cliff Walk on First near Grindelwald, Switzerland (© Hans-Georg Eiben/eStock Photo)"
296,20211113,Bing,https://cn.bing.com/th?id=OHR.ElTajo_EN-US9027914209_UHD.jpg,"Aerial view of El Tajo gorge and the Puente Nuevo bridge in Ronda, Málaga, Spain (© Jude Newkirk/Amazing Aerial Agency)"
297,20211112,Bing,https://cn.bing.com/th?id=OHR.BeaversBend_EN-US8963318493_UHD.jpg,"Beavers Bend Resort Park near Broken Bow, Oklahoma (© Inge Johnsson/Alamy)"
298,20211111,Bing,https://cn.bing.com/th?id=OHR.Veterans2021_EN-US8913164564_UHD.jpg,"Sailors on the amphibious assault ship USS Iwo Jima on New York's Hudson River during Veterans Week, 2016 (© Apple White/Alamy)"
299,20211110,Bing,https://cn.bing.com/th?id=OHR.CumberlandSeashore_EN-US8862017440_UHD.jpg,"Cumberland Island National Seashore, Georgia (© Wilsilver77/Getty Images Plus)"
300,20211109,Bing,https://cn.bing.com/th?id=OHR.DalyanTombs_EN-US8809333529_UHD.jpg,"Ancient rock tombs carved into the cliff near Dalyan, Turkey (© Reinhard Schmid/eStock Photo)"
301,20211108,Bing,https://cn.bing.com/th?id=OHR.ChurchillBears_EN-US8757524982_UHD.jpg,"Polar bear investigating a camera, Churchill, Manitoba, Canada (© Matthias Breiter/Minden Pictures)"
302,20211107,Bing,https://cn.bing.com/th?id=OHR.MackArch_EN-US8686224394_UHD.jpg,Mack Arch Rock at sunrise on the southern Oregon coast (© Dennis Frates/Alamy)
303,20211106,Bing,https://cn.bing.com/th?id=OHR.WANumbat_EN-US8626889228_UHD.jpg,"Female numbat in Brookton, Western Australia (© Martin Willis/Minden Pictures)"
304,20211105,Bing,https://cn.bing.com/th?id=OHR.PontRouge_EN-US8216026982_UHD.jpg,"Pont Rouge (Red Bridge) over the Palmer River in Sainte-Agathe-de-Lotbinière, Quebec, Canada (© Jean Surprenant/Getty Images)"
305,20211104,Bing,https://cn.bing.com/th?id=OHR.DiwaliLights_EN-US5962582715_UHD.jpg,"Lanterns illuminated for the Diwali festival, Mumbai, India (© RAMNIKLAL MODI/Shutterstock)"
306,20211103,Bing,https://cn.bing.com/th?id=OHR.MoonJellyDay_EN-US5774626244_UHD.jpg,"Moon jelly and golden jellyfish, Raja Ampat, West Papua, Indonesia (© Alex Mustard/Minden Pictures)"
307,20211102,Bing,https://cn.bing.com/th?id=OHR.MarigoldsLosMuertos_EN-US5597948262_UHD.jpg,"Marigolds decorate a cemetery in Patzcuaro, Michoacan, Mexico, for a Day of the Dead ceremony (© Daniel Elizalde S/Shutterstock)"
308,20211101,Bing,https://cn.bing.com/th?id=OHR.KindredSpirits_EN-US5529252474_UHD.jpg,"The sculpture 'Kindred Spirits' by Alex Pentek in Bailick Park, Midleton, County Cork, Ireland (© David Creedon/Alamy Live News/Alamy)"
309,20211031,Bing,https://cn.bing.com/th?id=OHR.YorkMinster_EN-US5465804030_UHD.jpg,"Grotesques at York Minster, North Yorkshire, England (© John Potter/Alamy)"
310,20211030,Bing,https://cn.bing.com/th?id=OHR.MistyForest_EN-US5261676101_UHD.jpg,Misty pine forest in the Central Highlands of Vietnam (© Thanh Thuy/Moment/Getty Images)
311,20211029,Bing,https://cn.bing.com/th?id=OHR.UnkindnessRavens_EN-US5051823062_UHD.jpg,"Ravens in Juneau, Alaska (© Brian Browitt Photo/Adobe Stock)"
312,20211028,Bing,https://cn.bing.com/th?id=OHR.Dargavs_EN-US4957085337_UHD.jpg,"Necropolis near Dargavs, North Ossetia, Russia (© Yakov Oskanov/Shutterstock)"
313,20211027,Bing,https://cn.bing.com/th?id=OHR.NewtonPumpkins_EN-US4897949591_UHD.jpg,"A pumpkin patch in Newton, Massachusetts (© Frank Debonis/EyeEm/Alamy)"
314,20211026,Bing,https://cn.bing.com/th?id=OHR.RedFoxBlackForest_EN-US4823848176_UHD.jpg,Red fox in the Black Forest of Germany (© Klaus Echle/Minden Pictures)
315,20211025,Bing,https://cn.bing.com/th?id=OHR.BulgariaDevilBridge_EN-US4705163344_UHD.jpg,Dyavolski Most (Devil's Bridge) over the Arda River in Bulgaria (© Petar Mladenov/Alamy)
316,20211024,Bing,https://cn.bing.com/th?id=OHR.Bavljenac_EN-US8692148480_UHD.jpg,"Bavljenac Island, Croatia (© Julien Duval/Amazing Aerial Agency)"
317,20211023,Bing,https://cn.bing.com/th?id=OHR.ScopsOwl_EN-US4553071921_UHD.jpg,"Eurasian scops owl in Bohemian Switzerland National Park, Czech Republic (© Milan Zygmunt/Alamy)"
318,20211022,Bing,https://cn.bing.com/th?id=OHR.Neowise_EN-US4428390515_UHD.jpg,"Comet NEOWISE streaks across the sky over Sunwapta Lake in Jasper National Park, Alberta, Canada (© Stocktrek Images, Inc./Alamy)"
319,20211021,Bing,https://cn.bing.com/th?id=OHR.AtchafalayaMoss_EN-US8649119304_UHD.jpg,"Bald cypress and Spanish moss in the Atchafalaya Basin, Louisiana (© Chris Moore/Exploring Light Photography/Tandem Stills + Motion)"
320,20211020,Bing,https://cn.bing.com/th?id=OHR.SmileySloth_EN-US8588687884_UHD.jpg,"Brown-throated three-toed sloth in Manuel Antonio National Park, Costa Rica (© Lukas Kovarik/Shutterstock)"
321,20211019,Bing,https://cn.bing.com/th?id=OHR.FanalMadeira_EN-US8481108715_UHD.jpg,"The Fanal Forest on Madeira Island, Portugal (© Val Thoermer/Alamy)"
322,20211018,Bing,https://cn.bing.com/th?id=OHR.CapelCurig_EN-US8402685568_UHD.jpg,"Capel Curig in Snowdonia National Park, Wales, United Kingdom (© Sebastian Wasek/Sime/eStock Photo)"
323,20211017,Bing,https://cn.bing.com/th?id=OHR.Whakarewarewa_EN-US8308750685_UHD.jpg,"Redwood Memorial Grove in Whakarewarewa Forest, North Island, New Zealand (© Michael Breitung/Huber/eStock Photo)"
324,20211016,Bing,https://cn.bing.com/th?id=OHR.Hatshepsut_EN-US8201096209_UHD.jpg,"Aerial view of the Temple of Hatshepsut near Luxor, Egypt (© Ratnakorn Piyasirisorost/Moment/Getty Images)"
325,20211015,Bing,https://cn.bing.com/th?id=OHR.ProseccoHills_EN-US8117168542_UHD.jpg,"Farra di Soligo in the Prosecco Hills of Veneto, Italy (© Olimpio Fantuz/Sime/eStock Photo)"
326,20211014,Bing,https://cn.bing.com/th?id=OHR.SaguaroFamily_EN-US8027040926_UHD.jpg,"Saguaro 'family' and Milky Way, Saguaro National Park, Arizona (© Christian Foto Az/Shutterstock)"
327,20211013,Bing,https://cn.bing.com/th?id=OHR.IchthyosaurFossil_EN-US7828457812_UHD.jpg,"An ichthyosaur fossil of the Jurassic period, Dinosaurland Fossil Museum, Lyme Regis, Dorset, England (© Christopher Jones/Alamy)"
328,20211012,Bing,https://cn.bing.com/th?id=OHR.StMalo_EN-US7686440014_UHD.jpg,"Saint-Malo in Brittany, France (© Mathieu Rivrin/Moment/Getty Images)"
329,20211011,Bing,https://cn.bing.com/th?id=OHR.ClanHouse_EN-US7625745016_UHD.jpg,"The Clan House at Totem Bight State Historical Park near Ketchikan, Alaska (© Ron Niebrugge/Alamy)"
330,20211010,Bing,https://cn.bing.com/th?id=OHR.AbaloneShell_EN-US7461837233_UHD.jpg,"Rainbow abalone shell, New Zealand (© Lynda Harper/Minden Pictures)"
331,20211009,Bing,https://cn.bing.com/th?id=OHR.SandhillApache_EN-US7367797025_UHD.jpg,"Sandhill cranes and mallard ducks, Bosque del Apache National Wildlife Refuge, New Mexico (© Cathy & Gordon Illg/Jaynes Gallery/DanitaDelimont.com)"
332,20211008,Bing,https://cn.bing.com/th?id=OHR.FriendlyOctopus_EN-US7209624602_UHD.jpg,Common octopus off the coast of France in the Mediterranean Sea (© BIOSPHOTO/Alamy)
333,20211007,Bing,https://cn.bing.com/th?id=OHR.HuayMaeKhamin_EN-US1949606808_UHD.jpg,"Huay Mae Khamin Waterfall in Khuean Srinagarindra National Park, Thailand (© Casper1774Studio/Getty Images)"
334,20211006,Bing,https://cn.bing.com/th?id=OHR.SWColorado_EN-US1870553135_UHD.jpg,Dallas Divide in southwest Colorado (© Ronda Kimbrow/Shutterstock)
335,20211005,Bing,https://cn.bing.com/th?id=OHR.Kindergarteners_EN-US1789862407_UHD.jpg,"Kindergarteners drawing on canvases in Nantong, Jiangsu province, China (© Xu Hui/VCG via Getty Images)"
336,20211004,Bing,https://cn.bing.com/th?id=OHR.Andromeda_EN-US1720805317_UHD.jpg,Andromeda galaxy (© NASA/JPL-Caltech)
337,20211003,Bing,https://cn.bing.com/th?id=OHR.Italica_EN-US1640838317_UHD.jpg,"The Roman amphitheater of Itálica, near Seville, Spain (© Amazing Aerial Agency/Offset by Shutterstock)"
338,20211002,Bing,https://cn.bing.com/th?id=OHR.IvishakRiver_EN-US1566710821_UHD.jpg,The Ivishak River in the North Slope of Alaska (© Don Paulson/Danita Delimont)
339,20211001,Bing,https://cn.bing.com/th?id=OHR.HyacinthMacaws_EN-US1453969015_UHD.jpg,Hyacinth macaws in the Pantanal region of Brazil (© David Pattyn/Minden Pictures)
340,20210930,Bing,https://cn.bing.com/th?id=OHR.ContainerShip_EN-US1397689577_UHD.jpg,"Container ship in San Pedro, California (© Cameron Venti/Getty Images)"
341,20210929,Bing,https://cn.bing.com/th?id=OHR.WoodBison_EN-US1315596860_UHD.jpg,"A wood bison near Behchoko, in the Northwest Territories, Canada (© Don Johnston/agefotostock)"
342,20210928,Bing,https://cn.bing.com/th?id=OHR.SnowFuji_EN-US1257216719_UHD.jpg,Mount Fuji in Japan (© The Asahi Shimbun/Getty Images)
343,20210927,Bing,https://cn.bing.com/th?id=OHR.PicoThorn_EN-US1190797847_UHD.jpg,"Thorn bug, Pico Bonito National Park, Honduras (© Mac Stone/Tandem Stills + Motion)"
344,20210926,Bing,https://cn.bing.com/th?id=OHR.MackenzieRiver_EN-US1123729809_UHD.jpg,"The Mackenzie River in Canada emptying into the Beaufort Sea (© Norman Kuring, GSFC/NASA/USGS Landsat)"
345,20210925,Bing,https://cn.bing.com/th?id=OHR.PorkiesTrail_EN-US1052871697_UHD.jpg,"Escarpment Trail in Porcupine Mountains Wilderness State Park, Michigan (© Pat & Chuck Blackley/Alamy)"
346,20210924,Bing,https://cn.bing.com/th?id=OHR.CuscoCathedral_EN-US0974073247_UHD.jpg,"Cusco Cathedral on the Plaza de Armas, Cusco, Peru (© sharptoyou/Shutterstock)"
347,20210923,Bing,https://cn.bing.com/th?id=OHR.BrilliantBlue_EN-US4447486564_UHD.jpg,Neptune (© NASA/JPL)
348,20210922,Bing,https://cn.bing.com/th?id=OHR.BabyRhino_EN-US4289854732_UHD.jpg,"Baby white rhinoceros and mother in Hluhluwe–iMfolozi Park, South Africa (© Martin Harvey/Alamy)"
349,20210921,Bing,https://cn.bing.com/th?id=OHR.RisingMoon_EN-US3728383001_UHD.jpg,'Rising Moon' lantern to celebrate the Mid-Autumn Festival in Hong Kong's Victoria Park (© Bobby Yip/Reuters)
350,20210920,Bing,https://cn.bing.com/th?id=OHR.BlackSun_EN-US3611441755_UHD.jpg,Starlings in the wetlands between Denmark and Germany (© Viking/Alamy)
351,20210919,Bing,https://cn.bing.com/th?id=OHR.LeCastella_EN-US3410369495_UHD.jpg,"Le Castella at Capo Rizzuto, Italy (© mRGB/Shutterstock)"
352,20210918,Bing,https://cn.bing.com/th?id=OHR.Firefox_EN-US3200029768_UHD.jpg,"Red panda at the Chengdu Panda Base in Sichuan province, China (© Biosphoto/Alamy)"
353,20210917,Bing,https://cn.bing.com/th?id=OHR.BenagilCave_EN-US2996856855_UHD.jpg,"Benagil Cave in the Algarve, Portugal (© Michael Malorny/Offset by Shutterstock)"
354,20210916,Bing,https://cn.bing.com/th?id=OHR.PalacioArtes_EN-US2524377333_UHD.jpg,"Palacio de Bellas Artes, Mexico City, Mexico (© Lukas Bischoff Photograph/Shutterstock)"
355,20210915,Bing,https://cn.bing.com/th?id=OHR.Fronterizos_EN-US7668377030_UHD.jpg,"Artist Jesus 'CIMI' Alvarado painting his mural 'Fronterizos' on a wall of the El Paso Museum of Art, El Paso, Texas (© Paul Ratje/AFP via Getty Images)"
356,20210914,Bing,https://cn.bing.com/th?id=OHR.Aldeyjarfoss_EN-US0170785343_UHD.jpg,Aldeyjarfoss waterfall in northern Iceland's interior landscape (© Jim Patterson/Tandem Stills + Motion)
357,20210913,Bing,https://cn.bing.com/th?id=OHR.VeniceBeach_EN-US0067125391_UHD.jpg,"Aerial view of the Venice Skatepark in Venice Beach, Los Angeles (© Ingus Kruklitis/Getty Images)"
358,20210912,Bing,https://cn.bing.com/th?id=OHR.AsianElephants_EN-US9103176506_UHD.jpg,"Asian elephants in West Bengal, India (© Avijan Saha/Minden Pictures)"
359,20210911,Bing,https://cn.bing.com/th?id=OHR.TwistedSteel_EN-US8897329336_UHD.jpg,"US flag on part of a 9/11 memorial overlooking the New York skyline from Exchange Place, Jersey City, New Jersey (© Gary Hershorn/Getty Images)"
360,20210910,Bing,https://cn.bing.com/th?id=OHR.JaneAusten_EN-US8712835547_UHD.jpg,"River Avon in Bath, England (© Robert Harding World Imagery/Offset by Shutterstock)"
361,20210909,Bing,https://cn.bing.com/th?id=OHR.SanJuanIslands_EN-US3886717227_UHD.jpg,"San Juan Islands, Washington (© Stephen Matera/Tandem Stills + Motion)"
362,20210908,Bing,https://cn.bing.com/th?id=OHR.LivrariaLello_EN-US3788215470_UHD.jpg,"Livraria Lello, a bookstore in Porto, Portugal (© Nido Huebl/Shutterstock)"
363,20210907,Bing,https://cn.bing.com/th?id=OHR.MassachusettsHumpbacks_EN-US3647778341_UHD.jpg,Humpback whales off the coast of Massachusetts (© Eric Kulin/plainpicture)
364,20210906,Bing,https://cn.bing.com/th?id=OHR.MRInspection_EN-US3269447998_UHD.jpg,"Park service employees inspecting Mount Rushmore National Memorial, South Dakota (© Universal Images Group via Getty Images)"
365,20210905,Bing,https://cn.bing.com/th?id=OHR.GCVenice_EN-US3101866960_UHD.jpg,"The Regata Storica on the Grand Canal in Venice, Italy (© Alexander Duffner/Alamy)"
366,20210904,Bing,https://cn.bing.com/th?id=OHR.AnnasHummingbird_EN-US3031304085_UHD.jpg,Anna's hummingbird (© Dee/Getty Images)
367,20210903,Bing,https://cn.bing.com/th?id=OHR.AlienEggs_EN-US2920727413_UHD.jpg,"The 'Alien Egg Hatchery' in the Bisti/De-Na-Zin Wilderness, New Mexico (© Ian Shive/Tandem Stills + Motion)"
368,20210902,Bing,https://cn.bing.com/th?id=OHR.PortoFlavia_EN-US2814580222_UHD.jpg,"Porto Flavia, Sardinia, Italy (© Visualframing/Adobe Stock)"
369,20210901,Bing,https://cn.bing.com/th?id=OHR.Porcini_EN-US2729999043_UHD.jpg,A porcini mushroom (© vnosokin/Getty Images)
370,20210831,Bing,https://cn.bing.com/th?id=OHR.DjurdjevicaBridge_EN-US2627065806_UHD.jpg,Đurđevića Tara Bridge in Montenegro (© Hike The World/Shutterstock)
371,20210830,Bing,https://cn.bing.com/th?id=OHR.MayonVolcano_EN-US2517637729_UHD.jpg,Crater glow from Mount Mayon in the Philippines (© Per-Andre Hoffmann/Cavan)
372,20210829,Bing,https://cn.bing.com/th?id=OHR.Ruskeala_EN-US2421855092_UHD.jpg,"Underground lake in Ruskeala Mountain Park, Karelia, Russia (© Konstantin Trubavin/Offset by Shutterstock)"
373,20210828,Bing,https://cn.bing.com/th?id=OHR.Mpumalanga_EN-US2361653913_UHD.jpg,"Red-billed oxpeckers on an impala in Mpumalanga, South Africa (© Heini Wehrle/Minden Pictures)"
374,20210827,Bing,https://cn.bing.com/th?id=OHR.FlintstoneHouse_EN-US2289408745_UHD.jpg,Casa do Penedo (House of the Rock) in Portugal (© Olimpio Fantuz/eStock Photo)
375,20210826,Bing,https://cn.bing.com/th?id=OHR.SeaSwallow_EN-US1134590280_UHD.jpg,"A sea swallow feeding on the tentacles of a blue button in Coffs Harbour, New South Wales, Australia (© Gary Bell/Minden Pictures)"
376,20210825,Bing,https://cn.bing.com/th?id=OHR.WalhallaOverlook_EN-US3794328028_UHD.jpg,"Peekaboo view of Angels Window on the North Rim of the Grand Canyon, Arizona (© Tim Fitzharris/Minden Pictures)"
377,20210824,Bing,https://cn.bing.com/th?id=OHR.HippieTown_EN-US1026712176_UHD.jpg,"Old surfboards lined up as a fence near Paia, Maui, Hawaii (© Matt Anderson Photography/Getty Images)"
378,20210823,Bing,https://cn.bing.com/th?id=OHR.LittleBlueHeron_EN-US0980028207_UHD.jpg,Little blue heron in Cuba (© Sergey Uryadnikov/Alamy)
379,20210822,Bing,https://cn.bing.com/th?id=OHR.OlympicCoast_EN-US0864284151_UHD.jpg,"The shoreline of Olympic Coast National Marine Sanctuary, Washington state (© Chris Moore/Tandem Stills + Motion)"
380,20210821,Bing,https://cn.bing.com/th?id=OHR.PetitMinou_EN-US0740676794_UHD.jpg,"Petit Minou Lighthouse in the roadstead of Brest, Finistère, France (© Mathieu Rivrin/Getty Images)"
381,20210820,Bing,https://cn.bing.com/th?id=OHR.EmptyQuarter_EN-US0636903975_UHD.jpg,Rub' al Khali desert on the border of Oman and the Emirate of Dubai (© Daniel Schoenen/Offset by Shutterstock)
382,20210819,Bing,https://cn.bing.com/th?id=OHR.GiantManta_EN-US0573503252_UHD.jpg,"Giant manta ray and a photographer off the Ningaloo Coast, Australia (© Shutterstock Premier)"
383,20210818,Bing,https://cn.bing.com/th?id=OHR.RedRoofTile_EN-US7950086465_UHD.jpg,"The Old Town of Dubrovnik, Croatia (© Jeremy Woodhouse/Getty Images)"
384,20210817,Bing,https://cn.bing.com/th?id=OHR.PochuckValley_EN-US7792130272_UHD.jpg,"Stairway to Heaven trail in Wawayanda State Park, New Jersey (© Leembe/Getty Images)"
385,20210816,Bing,https://cn.bing.com/th?id=OHR.PortAventura_EN-US7476980187_UHD.jpg,"Silhouette of Shambhala roller coaster at sunset in PortAventura Park, Salou, Tarragona, Spain (© Joaquim F. P./Getty Images)"
386,20210815,Bing,https://cn.bing.com/th?id=OHR.StrandbadTiefenbrunnen_EN-US6967556801_UHD.jpg,"Strandbad Tiefenbrunnen, a public pool on the shore of Lake Zürich, Switzerland (© Amazing Aerial Agency/Offset by Shutterstock)"
387,20210814,Bing,https://cn.bing.com/th?id=OHR.UbehebeCrater_EN-US6244876287_UHD.jpg,"Ubehebe Crater in Death Valley National Park, California (© Albert Knapp/Alamy)"
388,20210813,Bing,https://cn.bing.com/th?id=OHR.Southpaw_EN-US5351899274_UHD.jpg,"Horned ghost crab, Grand Anse, Praslin Island, Seychelles (© Ingo Schulz/Offset by Shutterstock)"
389,20210812,Bing,https://cn.bing.com/th?id=OHR.OkavangoHerd_EN-US9805568447_UHD.jpg,"African bush elephant herd, Okavango Delta, Botswana (© Juan-Carlos Munoz/Minden Pictures)"
390,20210811,Bing,https://cn.bing.com/th?id=OHR.DinoShower_EN-US8295174033_UHD.jpg,"The Perseid meteor shower photographed at the Dinosaur Museum of Erenhot in Inner Mongolia, China (© bjdlzx/Getty Images)"
391,20210810,Bing,https://cn.bing.com/th?id=OHR.ArtsandIndustries_EN-US9282950585_UHD.jpg,"The Smithsonian Arts and Industries Building in Washington, DC (© Ron Blunt/Courtesy Smithsonian)"
392,20210809,Bing,https://cn.bing.com/th?id=OHR.MineBay_EN-US9163715590_UHD.jpg,"Māori rock carving by Matahi Whakataka-Brightwell, Lake Taupo, North Island, New Zealand (© Evgueni Zverev/Alamy)"
393,20210808,Bing,https://cn.bing.com/th?id=OHR.QuayBridge_EN-US9006727077_UHD.jpg,"Elizabeth Quay Bridge in Perth, Australia (© Amazing Aerial Agency/Offset by Shutterstock)"
394,20210807,Bing,https://cn.bing.com/th?id=OHR.SaltCones_EN-US8727302779_UHD.jpg,"Salt cones on Salar de Uyuni, Bolivia (© John Shaw/Minden Pictures)"
395,20210806,Bing,https://cn.bing.com/th?id=OHR.SalisburyCrags_EN-US5552613401_UHD.jpg,"Salisbury Crags in Holyrood Park overlooking Edinburgh, Scotland (© Andrew Merry/Getty Images)"
396,20210805,Bing,https://cn.bing.com/th?id=OHR.SkyPool_EN-US8327769804_UHD.jpg,"The Sky Pool at Embassy Gardens in London, England (© Xinhua News Agency/Getty Images)"
397,20210804,Bing,https://cn.bing.com/th?id=OHR.Neofelis_EN-US8038280591_UHD.jpg,Clouded leopard (© Dhritiman Mukherjee/Alamy)
398,20210803,Bing,https://cn.bing.com/th?id=OHR.WachsenburgCastle_EN-US0450745616_UHD.jpg,"Wachsenburg Castle near Erfurt, Germany (© Radius Images/Offset by Shutterstock)"
399,20210802,Bing,https://cn.bing.com/th?id=OHR.UpperCathedral_EN-US7580471789_UHD.jpg,"Mesas, Upper Cathedral Valley, Capitol Reef National Park, Utah (© Tim Fitzharris/Minden Pictures)"
400,20210801,Bing,https://cn.bing.com/th?id=OHR.LammasDay_EN-US7320561829_UHD.jpg,"Barley field in East Lothian, Scotland (© Scott Masterton/plainpicture)"
401,20210731,Bing,https://cn.bing.com/th?id=OHR.TanzaniaBeeEater_EN-US6785378427_UHD.jpg,"Northern carmine and European bee-eaters in Mkomazi National Park, Tanzania (© webguzs/Getty Images)"
402,20210730,Bing,https://cn.bing.com/th?id=OHR.OtterCliff_EN-US6679872579_UHD.jpg,"Otter Cliffs, Acadia National Park, Maine (© dbimages/Alamy)"
403,20210729,Bing,https://cn.bing.com/th?id=OHR.PantheraTigris_EN-US9729163497_UHD.jpg,"Tiger camouflaged in tall grass, Assam, India (© Sandesh Kadur/Minden Pictures)"
404,20210728,Bing,https://cn.bing.com/th?id=OHR.SeaGoldie_EN-US9625167980_UHD.jpg,"School of sea goldies with feather stars, Great Barrier Reef, Queensland, Australia (© Gary Bell/Minden Pictures)"
405,20210727,Bing,https://cn.bing.com/th?id=OHR.AdlerPlanetarium_EN-US9558785232_UHD.jpg,"Adler Planetarium near Lake Michigan, Chicago, Illinois (© Amazing Aerial Agency/Offset by Shutterstock)"
406,20210726,Bing,https://cn.bing.com/th?id=OHR.DancingTrees_EN-US9480266344_UHD.jpg,"Mangrove trees, Walakiri Beach, Sumba Island, Indonesia (© Tengguo Wu/Getty Images)"
407,20210725,Bing,https://cn.bing.com/th?id=OHR.BruceMunroUluru_EN-US9286495835_UHD.jpg,"'Field of Light' by artist Bruce Munro at Uluru, Australia (© Sheralee Stoll/Alamy)"
408,20210724,Bing,https://cn.bing.com/th?id=OHR.JavanCousins_EN-US9214957907_UHD.jpg,Javan tree frogs sitting together on a stalk in Indonesia (© SnapRapid/Offset by Shutterstock)
409,20210723,Bing,https://cn.bing.com/th?id=OHR.TokyoMetropolis_EN-US9112375652_UHD.jpg,"Tokyo Tower in Minato City, Tokyo, Japan (© Yukinori Hasumi/Getty Images)"
410,20210722,Bing,https://cn.bing.com/th?id=OHR.MinokakeRocks_EN-US9026307089_UHD.jpg,"The Minokake-Iwa rocks off the coast of the Izu Peninsula, Japan (© Krzysztof Baranowski/Getty Images)"
411,20210721,Bing,https://cn.bing.com/th?id=OHR.WachsenburgCastle_EN-US8953512968_UHD.jpg,"Wachsenburg Castle near Erfurt, Germany (© Radius Images/Offset by Shutterstock)"
412,20210720,Bing,https://cn.bing.com/th?id=OHR.PrathameshJaju_EN-US8876008160_UHD.jpg,Composite image of the moon (© Prathamesh Jaju)
413,20210719,Bing,https://cn.bing.com/th?id=OHR.Tetouan_EN-US7379560261_UHD.jpg,"Colorful alleyway in the medina of Tétouan, Morocco (© Jan Wlodarczyk/eStock Photo)"
414,20210718,Bing,https://cn.bing.com/th?id=OHR.LouvreRiders_EN-US7293709223_UHD.jpg,"Tour de France riders in front of the Louvre Pyramid and Museum in Paris, France, during the 2020 race (© Martin Bureau/AFP via Getty Images)"
415,20210717,Bing,https://cn.bing.com/th?id=OHR.LoepaOberthuri_EN-US7208560265_UHD.jpg,A Loepa oberthuri moth (© Robert Thompson/Minden Pictures)
416,20210716,Bing,https://cn.bing.com/th?id=OHR.MontChoisy_EN-US7121697055_UHD.jpg,"Mont Choisy Beach, Mauritius (© Robert Harding World Imagery/Offset by Shutterstock)"
417,20210715,Bing,https://cn.bing.com/th?id=OHR.NgoDong_EN-US7569222084_UHD.jpg,"Boats float by rice fields on the Ngo Dong River in Ninh Bình province, Vietnam (© Jeremy Woodhouse/Getty Images)"
418,20210714,Bing,https://cn.bing.com/th?id=OHR.SharkAwareness_EN-US7444020818_UHD.jpg,"Blacktip reef sharks off the coast of Tahiti, French Polynesia (© Paul Mckenzie/Minden Pictures)"
419,20210713,Bing,https://cn.bing.com/th?id=OHR.MooseVelvet_EN-US7292213302_UHD.jpg,"Moose crossing a pond below Mount Moran, Grand Teton National Park, Wyoming (© Jim Stamates/Minden Pictures)"
420,20210712,Bing,https://cn.bing.com/th?id=OHR.LighthouseWave_EN-US6948276315_UHD.jpg,"Wave crashing on Farolim de Felgueiras, a lighthouse in Porto, Portugal (© Stephan Zirwes/Offset by Shutterstock)"
421,20210711,Bing,https://cn.bing.com/th?id=OHR.SpiralAloe_EN-US6880291357_UHD.jpg,Spiral aloe (© David Madison/Getty Images)
422,20210710,Bing,https://cn.bing.com/th?id=OHR.MonfragueNationalPark_EN-US6445504463_UHD.jpg,"Milky Way over the Tagus River in Monfragüe National Park, Spain (© Miguel Angel Muñoz Ruiz/Cavan Images)"
423,20210709,Bing,https://cn.bing.com/th?id=OHR.Ortygia_EN-US5940165843_UHD.jpg,"Ortygia, a small island off the coast of Syracuse, Sicily, Italy (© DaLiu/Shutterstock)"
424,20210708,Bing,https://cn.bing.com/th?id=OHR.AppalachianTrail_EN-US5662298732_UHD.jpg,"The Appalachian Trail in Stokes State Forest, New Jersey (© Frank DeBonis/Getty Images)"
425,20210707,Bing,https://cn.bing.com/th?id=OHR.LakeUrmia_EN-US4986086287_UHD.jpg,"Kazem Dashi rock formation in Lake Urmia, Iran (© Ali/Adobe Stock)"
426,20210706,Bing,https://cn.bing.com/th?id=OHR.TawnyFrogmouth_EN-US4707407967_UHD.jpg,"Tawny frogmouth chick, Australia (© SnapRapid/Offset by Shutterstock)"
427,20210705,Bing,https://cn.bing.com/th?id=OHR.SerraMalagueta_EN-US4627693270_UHD.jpg,"Serra da Malagueta mountains on Santiago Island, Cabo Verde (© Samuel Borges Photography/Shutterstock)"
428,20210704,Bing,https://cn.bing.com/th?id=OHR.SFFireworks_EN-US4561699680_UHD.jpg,"Fireworks in San Francisco, California (© tampatra/Getty Images)"
429,20210703,Bing,https://cn.bing.com/th?id=OHR.WakatobiNP_EN-US4475854788_UHD.jpg,"Wakatobi National Park, Indonesia (© Fabio Lamanna/Alamy)"
430,20210702,Bing,https://cn.bing.com/th?id=OHR.ShyFive_EN-US4337641438_UHD.jpg,A meerkat in Namibia (© Danita Delimont/Offset by Shutterstock)
431,20210701,Bing,https://cn.bing.com/th?id=OHR.HangingCanoes_EN-US0235160370_UHD.jpg,"'Passage migratoire' ('Migratory Passage'), an art installation by Giorgia Volpe in Old Québec City, Québec, Canada (© Lucbouch/Getty Images)"
432,20210630,Bing,https://cn.bing.com/th?id=OHR.Manicouagan_EN-US7701393606_UHD.jpg,"Manicouagan Crater in Québec, Canada (© Universal History Archive/Universal Images Group via Getty Images)"
433,20210629,Bing,https://cn.bing.com/th?id=OHR.RocksSeychelles_EN-US7406548278_UHD.jpg,"Rocks on Anse Source d'Argent beach, La Digue Island, Seychelles (© Roland Gerth/eStock Photo)"
434,20210628,Bing,https://cn.bing.com/th?id=OHR.Cittadella_EN-US6067516722_UHD.jpg,"The Cittadella on the island of Gozo, Malta (© Davide Seddio/Getty Images)"
435,20210627,Bing,https://cn.bing.com/th?id=OHR.LCPAPride_EN-US5979726065_UHD.jpg,"Lincoln Center for the Performing Arts lit in Pride colors on June 18, 2020 in New York City (© Alexi Rosenfeld/Getty Images)"
436,20210626,Bing,https://cn.bing.com/th?id=OHR.Shilinxia_EN-US5445196689_UHD.jpg,"Glass sightseeing platform in Shilinxia Scenic Area, Pinggu District of Beijing, China (© STR/AFP via Getty Images)"
437,20210625,Bing,https://cn.bing.com/th?id=OHR.Heliodoxa_EN-US5338295561_UHD.jpg,Empress brilliant hummingbird and a bee in Colombia (© Jiri Hrebicek/Alamy)
438,20210624,Bing,https://cn.bing.com/th?id=OHR.DenaliCaribou_EN-US5229911845_UHD.jpg,"Caribou in Denali National Park and Preserve, Alaska (© Design Pics/Danita Delimont)"
439,20210623,Bing,https://cn.bing.com/th?id=OHR.Nichinan_EN-US5055695100_UHD.jpg,"Fireflies in Nichinan, Tottori, Japan (© north-tail/Getty Images Plus)"
440,20210622,Bing,https://cn.bing.com/th?id=OHR.SouthCoast_EN-US4824290612_UHD.jpg,Seljalandsfoss waterfall in the South Region of Iceland (© Tom Mackie/plainpicture)
441,20210621,Bing,https://cn.bing.com/th?id=OHR.RothschildGiraffe_EN-US4621962761_UHD.jpg,"Rothschild's giraffe in Lake Nakuru National Park, Kenya (© Theo Allofs/Minden Pictures)"
442,20210620,Bing,https://cn.bing.com/th?id=OHR.FatherEagle_EN-US4516693152_UHD.jpg,"Bald eagle pair with a chick in their nest near the Yukon River, Yukon, Canada (© Mark Newman/Minden Pictures)"
443,20210619,Bing,https://cn.bing.com/th?id=OHR.BurleighHeads_EN-US4425800469_UHD.jpg,"People surfing at Burleigh Heads, Gold Coast, Australia (© Vicki Smith/Getty Images)"
444,20210618,Bing,https://cn.bing.com/th?id=OHR.ReussRiver_EN-US4195043036_UHD.jpg,"Aerial view of Chapel Bridge over the River Reuss in Lucerne, Switzerland (© Neleman Initiative/Gallery Stock)"
445,20210617,Bing,https://cn.bing.com/th?id=OHR.BrightEye_EN-US9581825024_UHD.jpg,"Bright Eye sea cave on the Nā Pali Coast, Kauai, Hawaii (© jimkruger/Getty Images)"
446,20210616,Bing,https://cn.bing.com/th?id=OHR.GBRTurtle_EN-US9472992921_UHD.jpg,"Green sea turtle diving, Great Barrier Reef, Queensland, Australia (© imageBROKER/Alamy)"
447,20210615,Bing,https://cn.bing.com/th?id=OHR.LakePinatubo_EN-US8170111215_UHD.jpg,"Aerial view of volcanic Lake Pinatubo and mountains, Luzon, Philippines (© Amazing Aerial Agency/Offset by Shutterstock)"
448,20210614,Bing,https://cn.bing.com/th?id=OHR.LargestFlag_EN-US9248418324_UHD.jpg,"The George Washington Bridge displays the American flag in honor of Flag Day, June 14, 2016, Fort Lee, New Jersey (© Robert D. Barnes/Getty Images)"
449,20210613,Bing,https://cn.bing.com/th?id=OHR.FinlandBrownBear_EN-US9193102113_UHD.jpg,"Eurasian brown bear cub in the taiga forest, Finland (© Jules Cox/Minden Pictures)"
450,20210612,Bing,https://cn.bing.com/th?id=OHR.BBNPGrande_EN-US9017603902_UHD.jpg,"View of the Rio Grande in Big Bend National Park, Texas (© Ian Shive/Tandem Stills + Motion)"
451,20210611,Bing,https://cn.bing.com/th?id=OHR.GlenEtive_EN-US8902001915_UHD.jpg,"Small loch in Glen Etive, Scotland (© Oliver Hellowell/Minden Pictures)"
452,20210610,Bing,https://cn.bing.com/th?id=OHR.ForteNossa_EN-US8946379841_UHD.jpg,"Nossa Senhora da Graça Fort near Elvas, Portugal (© Luis Pina Photography/Shutterstock)"
453,20210609,Bing,https://cn.bing.com/th?id=OHR.AnnularEclipse_EN-US8858263866_UHD.jpg,"Annular eclipse over New Mexico, May 20, 2012 (© ssucsy/Getty Images)"
454,20210608,Bing,https://cn.bing.com/th?id=OHR.CortezJacks_EN-US4025428525_UHD.jpg,"Thousands of jack fish swimming together at Cabo Pulmo National Park, Sea of Cortez, Baja California, Mexico (© Christian Vizl/Tandem Stills + Motion)"
455,20210607,Bing,https://cn.bing.com/th?id=OHR.BuntingBird_EN-US8373607335_UHD.jpg,An indigo bunting on a sunflower (© William Krumpelman/Getty Images)
456,20210606,Bing,https://cn.bing.com/th?id=OHR.ArromanchesLesBains_EN-US8268306845_UHD.jpg,"Mulberry harbour at Arromanches-les-Bains, Normandy, France (© agefotostock/Alamy)"
457,20210605,Bing,https://cn.bing.com/th?id=OHR.ToucanRainforest_EN-US8174584515_UHD.jpg,Black-mandibled toucan in the rainforest canopy of La Selva Biological Station in Costa Rica (© Greg Basco/Minden Pictures)
458,20210604,Bing,https://cn.bing.com/th?id=OHR.EasternIsland_EN-US7992088058_UHD.jpg,"Eastern Island and Spit Island, Midway Atoll (© Ian Shive/Tandem Stills + Motion)"
459,20210603,Bing,https://cn.bing.com/th?id=OHR.SocaCycles_EN-US8987262585_UHD.jpg,Cyclists on a wooden suspension bridge over the Soča River in Slovenia (© Amazing Aerial Agency/Offset by Shutterstock)
460,20210602,Bing,https://cn.bing.com/th?id=OHR.EstoshaSpringbok_EN-US8878416660_UHD.jpg,"Springboks near a waterhole in Etosha National Park, Namibia (© Charlie Summers/Minden Pictures)"
461,20210601,Bing,https://cn.bing.com/th?id=OHR.PoetrysCave_EN-US8786875244_UHD.jpg,"Aerial view of the Grotta della Poesia (Poetry's Cave) near Roca, Lecce, Italy (© Amazing Aerial Agency/Offset by Shutterstock)"
462,20210531,Bing,https://cn.bing.com/th?id=OHR.WomensMemorial_EN-US8561851319_UHD.jpg,"Military Women's Memorial, located at the gateway to Arlington National Cemetery, Virginia (© Brycia James/Getty Images)"
463,20210530,Bing,https://cn.bing.com/th?id=OHR.SeaDog_EN-US8346901369_UHD.jpg,California sea lion in a forest of giant kelp near the Channel Islands of California (© Nature Picture Library/Alamy)
464,20210529,Bing,https://cn.bing.com/th?id=OHR.RedAlley_EN-US8215991251_UHD.jpg,"Alley and bamboo grove in Wuhou Temple, Chengdu, Sichuan province, China (© Eastimages/Getty Images)"
465,20210528,Bing,https://cn.bing.com/th?id=OHR.CowbirdsEgg_EN-US8103879720_UHD.jpg,Robin's nest with a brown-headed cowbird egg (© Edward Kinsman/Science Photo Library)
466,20210527,Bing,https://cn.bing.com/th?id=OHR.ICanHearIt_EN-US7945824197_UHD.jpg,"'I Can Hear It,' an installation by artist Ivars Drulle on the beach by the villages of Middelkerke and Westende, Belgium (© Arterra Picture Library/Alamy)"
467,20210526,Bing,https://cn.bing.com/th?id=OHR.TearDropEclipse_EN-US7861293677_UHD.jpg,"The total lunar eclipse of April 4, 2015, photographed over Monument Valley, Utah (© Alan Dyer/Alamy)"
468,20210525,Bing,https://cn.bing.com/th?id=OHR.TowelDay_EN-US7748070759_UHD.jpg,"Sperm whale off the coast of Roseau, Dominica, in the Caribbean Sea (© Tony Wu/Minden Pictures)"
469,20210524,Bing,https://cn.bing.com/th?id=OHR.AarhusInfinite_EN-US7607613784_UHD.jpg,"The Infinite Bridge in Aarhus, Denmark (© Kosmaj/Shutterstock)"
470,20210523,Bing,https://cn.bing.com/th?id=OHR.RoseRoom_EN-US7194472524_UHD.jpg,"The renovated Rose Main Reading Room, New York Public Library Main Branch, New York City (© Sascha Kilmer/Getty Images)"
471,20210522,Bing,https://cn.bing.com/th?id=OHR.CapeofTossa_EN-US6969132211_UHD.jpg,"The medieval walled town in Tossa de Mar, Catalonia, Spain (© dleiva/Alamy)"
472,20210521,Bing,https://cn.bing.com/th?id=OHR.WhoopingCranes_EN-US5576295451_UHD.jpg,Whooping cranes taking off during spring migration in South Dakota (© Gerrit Vyn/Minden Pictures)
473,20210520,Bing,https://cn.bing.com/th?id=OHR.BeeLotus_EN-US7861856689_UHD.jpg,"A bee dives into a lotus flower at Kenilworth Park and Aquatic Gardens in Washington, DC (© Linda Davidson/The Washington Post via Getty Images)"
474,20210519,Bing,https://cn.bing.com/th?id=OHR.RoanRhododendron_EN-US8777664012_UHD.jpg,"Fallen rhododendron petals line a trail through Pisgah National Forest, North Carolina (© aheflin/Getty Images Plus)"
475,20210518,Bing,https://cn.bing.com/th?id=OHR.PompidouMalaga_EN-US7695811401_UHD.jpg,"Centre Pompidou Málaga in Málaga, Spain (© Wim Wiskerke/Alamy)"
476,20210517,Bing,https://cn.bing.com/th?id=OHR.Alesund_EN-US7597098434_UHD.jpg,"Ålesund, Norway (© AWL Images/Offset by Shutterstock)"
477,20210516,Bing,https://cn.bing.com/th?id=OHR.Guatape_EN-US7463341939_UHD.jpg,"Aerial view of El Peñón de Guatapé, Guatapé, Antioquia, Colombia (© Amazing Aerial Agency/Offset by Shutterstock)"
478,20210515,Bing,https://cn.bing.com/th?id=OHR.ParanalStars_EN-US4851647464_UHD.jpg,"Telescopes and star trails at Paranal Observatory, Atacama Desert, Chile (© Matteo Omied/Alamy)"
479,20210514,Bing,https://cn.bing.com/th?id=OHR.AltaFloresta_EN-US4736416258_UHD.jpg,"Amazon rainforest with morning fog near Alta Floresta, Mato Grosso, Brazil (© Pulsar Imagens/Alamy)"
480,20210513,Bing,https://cn.bing.com/th?id=OHR.ShikisaiBiei_EN-US4615475287_UHD.jpg,"Shikisai no Oka flower gardens in Biei, Japan (© Tanya Jones/Shutterstock)"
481,20210512,Bing,https://cn.bing.com/th?id=OHR.LimerickDay_EN-US4512689467_UHD.jpg,"A view across the River Shannon in Limerick, County Limerick, Ireland (© Piotr Machowczyk/Shutterstock)"
482,20210511,Bing,https://cn.bing.com/th?id=OHR.GrinnellGlacier_EN-US4427090483_UHD.jpg,"Grinnell Lake, Glacier National Park, Montana (© Pung/Shutterstock)"
483,20210510,Bing,https://cn.bing.com/th?id=OHR.Hokulea_EN-US8698576653_UHD.jpg,"The Hōkūle'a, a traditional Hawaiian voyaging canoe, departs for a 3-year voyage from Honolulu, Hawaii, on May 17, 2014 (© Reuters/Alamy)"
484,20210509,Bing,https://cn.bing.com/th?id=OHR.OtterMom_EN-US8059433484_UHD.jpg,"Sea otter mother and newborn pup, Monterey Bay, California (© Suzi Eszterhas/Minden Pictures)"
485,20210508,Bing,https://cn.bing.com/th?id=OHR.LimosaLimosa_EN-US4076563094_UHD.jpg,"Black-tailed godwits, Netherlands (© Edward van Altena/Minden Pictures)"
486,20210507,Bing,https://cn.bing.com/th?id=OHR.MaineWetland_EN-US3940841989_UHD.jpg,"Norcross Brook and wetlands near Moosehead Lake in Piscataquis County, Maine (© Aaron Black-Schmidt/Tandem Stills + Motion)"
487,20210506,Bing,https://cn.bing.com/th?id=OHR.NurseMask_EN-US2085492290_UHD.jpg,"'Now & Forever,' a mural by Tristan Eaton honoring health care workers, May 11, 2020, in New York City (© Timothy A. Clary/AFP via Getty Images)"
488,20210505,Bing,https://cn.bing.com/th?id=OHR.Cholula_EN-US2015612893_UHD.jpg,"The Great Pyramid of Cholula, in Cholula, Puebla, Mexico (© mauritius images GmbH/Alamy)"
489,20210504,Bing,https://cn.bing.com/th?id=OHR.StarWarsSeal_EN-US1938844381_UHD.jpg,"Grey seal hitching itself over the beach at Donna Nook, North Lincolnshire, England (© Frederic Desmette/Minden Pictures)"
490,20210503,Bing,https://cn.bing.com/th?id=OHR.TeacherHeart_EN-US1874465116_UHD.jpg,"Poster for Teacher Appreciation Week by 12-year-old Caroline Holt, 7th-grade student at the Bush School, Seattle, Washington (© Caroline Holt/Eugenia Chang)"
491,20210502,Bing,https://cn.bing.com/th?id=OHR.LaughingZebras_EN-US1800178960_UHD.jpg,"Burchell's zebra stallions, Rietvlei Nature Reserve, South Africa (© Richard Du Toit/Minden Pictures)"
492,20210501,Bing,https://cn.bing.com/th?id=OHR.GGTeaGarden_EN-US1647173456_UHD.jpg,"Cherry blossoms at the Japanese Tea Garden in Golden Gate Park, San Francisco, California (© luisascanio/iStock/Getty Images)"
493,20210430,Bing,https://cn.bing.com/th?id=OHR.SpiritHarlem_EN-US1474494856_UHD.jpg,"'The Spirit of Harlem' mural by Louis Delsarte in Harlem, New York City (© Pietro Scozzari/agefotostock)"
494,20210429,Bing,https://cn.bing.com/th?id=OHR.Mockhorn_EN-US1360987065_UHD.jpg,"Aerial view of tidal channels in marshland of the Mockhorn Island State Wildlife Management Area, Virginia (© Shane Gross/Minden Pictures)"
495,20210428,Bing,https://cn.bing.com/th?id=OHR.GannetsSaltee_EN-US1285648780_UHD.jpg,"Northern gannets on Great Saltee Island, Ireland (© Danny Green/Minden Pictures)"
496,20210427,Bing,https://cn.bing.com/th?id=OHR.KusamaPumpkin_EN-US1211132220_UHD.jpg,"Yayoi Kusama's 'Pumpkin' artwork on Naoshima Island, Japan, in August 2018 (© Wirestock/Alamy)"
497,20210426,Bing,https://cn.bing.com/th?id=OHR.Wensleydale_EN-US0930314934_UHD.jpg,"Wensleydale, Yorkshire Dales National Park, North Yorkshire, England (© Guy Edwardes/Minden Pictures)"
498,20210425,Bing,https://cn.bing.com/th?id=OHR.AdelieDiving_EN-US0845944074_UHD.jpg,Adélie penguins diving off an iceberg in Antarctica (© Mike Hill/Getty Images)
499,20210424,Bing,https://cn.bing.com/th?id=OHR.ChollaGarden_EN-US0706816050_UHD.jpg,"The Cholla Cactus Garden in Joshua Tree National Park, California (© Bryan Jolley/Tandem Stills + Motion)"
500,20210423,Bing,https://cn.bing.com/th?id=OHR.BatlloJordi_EN-US0619227174_UHD.jpg,"Casa Batlló in Barcelona, Catalonia, Spain (© Marco Arduino/Sime/eStock Photo)"
501,20210422,Bing,https://cn.bing.com/th?id=OHR.MississippiRiver_EN-US2192534174_UHD.jpg,Mississippi River on the border between Arkansas and Mississippi (© NASA)
502,20210421,Bing,https://cn.bing.com/th?id=OHR.SaoJorgeMadeira_EN-US8002002726_UHD.jpg,"The north coast of Madeira, Portugal (© Hemis/Alamy)"
503,20210420,Bing,https://cn.bing.com/th?id=OHR.Ceking_EN-US7899895685_UHD.jpg,"Tegallalang Rice Terraces, Ubud, Bali, Indonesia (© Michele Falzone/Alamy)"
504,20210419,Bing,https://cn.bing.com/th?id=OHR.Mobula_EN-US7757384682_UHD.jpg,"Large school of Munk's devil rays seen from the air, Gulf of California, Mexico (© Mark Carwardine/Minden Pictures)"
505,20210418,Bing,https://cn.bing.com/th?id=OHR.MontalbanoElicona_EN-US7629651237_UHD.jpg,"Montalbano Elicona, Messina, Sicily, Italy (© Antonino Bartuccio/SOPA Collection/Offset by Shutterstock)"
506,20210417,Bing,https://cn.bing.com/th?id=OHR.NewRiverGorge_EN-US7524399883_UHD.jpg,"New River Gorge Bridge in the New River Gorge National Park and Preserve, West Virginia (© Entropy Workshop/iStock/Getty Images Plus)"
507,20210416,Bing,https://cn.bing.com/th?id=OHR.DaliMuseum_EN-US9901160892_UHD.jpg,"Dalí Theatre-Museum in Figueres, Spain (© Valerija Polakovska/Shutterstock)"
508,20210415,Bing,https://cn.bing.com/th?id=OHR.JackieRobinson_EN-US7103495692_UHD.jpg,"Jackie Robinson signs autographs at spring training in Ciudad Trujillo, now Santo Domingo, Dominican Republic, on March 6, 1948 (© Bettmann/Getty Images)"
509,20210414,Bing,https://cn.bing.com/th?id=OHR.CarrizoPlain_EN-US7034817036_UHD.jpg,"Wildflowers in the Carrizo Plain National Monument, California (© Dennis Frates/Alamy)"
510,20210413,Bing,https://cn.bing.com/th?id=OHR.WatPhraSiSanphet_EN-US6931344989_UHD.jpg,"Wat Phra Si Sanphet, Ayutthaya Historical Park, Ayutthaya, Thailand (© travelstock44/Alamy)"
511,20210412,Bing,https://cn.bing.com/th?id=OHR.YurisNight_EN-US6858652982_UHD.jpg,"Earth viewed from the International Space Station, photographed by astronaut Jeff Williams (© Jeff Williams/NASA)"
512,20210411,Bing,https://cn.bing.com/th?id=OHR.YoshinoyamaSpring_EN-US6772406506_UHD.jpg,"Mount Yoshino, Nara Prefecture, Japan (© Sean Pavone/iStock/Getty Images Plus)"
513,20210410,Bing,https://cn.bing.com/th?id=OHR.SiblingBears_EN-US6609087772_UHD.jpg,"Grizzly bear cub siblings playing in Denali National Park and Preserve, Alaska (© Ron Niebrugge/Alamy)"
514,20210409,Bing,https://cn.bing.com/th?id=OHR.HovenweepDarkSky_EN-US6328400931_UHD.jpg,"Square Tower Group in Hovenweep National Monument, Utah (© Brad McGinley Photography/Getty Images)"
515,20210408,Bing,https://cn.bing.com/th?id=OHR.TetraoTetrix_EN-US8933698445_UHD.jpg,"Black grouse male calling at a lek site in Kuusamo, Finland (© Oliver Smart/Alamy)"
516,20210407,Bing,https://cn.bing.com/th?id=OHR.WillowNewGrowth_EN-US3318398276_UHD.jpg,"Willow tree in early spring, Minnesota (© Jim Brandenburg/Minden Pictures)"
517,20210406,Bing,https://cn.bing.com/th?id=OHR.Olympics125_EN-US8602188549_UHD.jpg,"The Acropolis of Athens, Greece (© Lucky-photographer/Shutterstock)"
518,20210405,Bing,https://cn.bing.com/th?id=OHR.SautduBrot_EN-US8410506080_UHD.jpg,"Saut du Brot stone bridge in the Areuse Gorge, Neuchâtel, Switzerland (© Andreas Gerth/eStock Photo)"
519,20210404,Bing,https://cn.bing.com/th?id=OHR.EggTree_EN-US8284116541_UHD.jpg,"An Ostereierbaum (Easter egg tree) in Saalfeld, Germany (© Rudi Sebastian/Alamy)"
520,20210403,Bing,https://cn.bing.com/th?id=OHR.AnivaLighthouse_EN-US8147045989_UHD.jpg,"Lighthouse at Cape Aniva, Sakhalin Island, Russia (© Amazing Aerial Agency/Offset by Shutterstock)"
521,20210402,Bing,https://cn.bing.com/th?id=OHR.BrazilSandDunes_EN-US8030598740_UHD.jpg,"Lençóis Maranhenses National Park in the state of Maranhão, Brazil (© WIN-Initiative/Getty Images)"
522,20210401,Bing,https://cn.bing.com/th?id=OHR.ShyGuy_EN-US7880739914_UHD.jpg,"Common chia elephant (Loxodonta laprofolis) in stealth stance, Marakele National Park, Limpopo, South Africa (© Staffan Widstrand/Minden Pictures)"
523,20210331,Bing,https://cn.bing.com/th?id=OHR.RajaAmpat_EN-US7737563013_UHD.jpg,"Raja Ampat, an archipelago in Indonesia (© Amazing Aerial Agency/Offset by Shutterstock)"
524,20210330,Bing,https://cn.bing.com/th?id=OHR.SwordFern_EN-US7523587413_UHD.jpg,"Detail of an ostrich fern in spring, Washington state (© Stephen Matera/Tandem Stills + Motion)"
525,20210329,Bing,https://cn.bing.com/th?id=OHR.Reynisfjara_EN-US7429542895_UHD.jpg,"Reynisdrangar (basalt rock formations) on Reynisfjara Beach, Iceland (© Cavan Images/Getty Images)"
526,20210328,Bing,https://cn.bing.com/th?id=OHR.JeffersonCherries_EN-US7147255858_UHD.jpg,"The Jefferson Memorial during the National Cherry Blossom Festival in Washington, DC (© Rae Gabrielle/Alamy)"
527,20210327,Bing,https://cn.bing.com/th?id=OHR.MadHares_EN-US7045432576_UHD.jpg,"Mountain hare running across snow-covered upland, Scotland (© SCOTLAND: The Big Picture/Minden Pictures)"
528,20210326,Bing,https://cn.bing.com/th?id=OHR.MTCradle_EN-US6777988781_UHD.jpg,"Cradle Mountain-Lake St. Clair National Park, Tasmania, Australia (© Paparwin Tanupatarachai/Getty Images)"
529,20210325,Bing,https://cn.bing.com/th?id=OHR.GoldMine_EN-US9932494168_UHD.jpg,"Ancient Roman gold mining site of Las Médulas, León province, Spain (© David Santiago Garcia/Getty Images)"
530,20210324,Bing,https://cn.bing.com/th?id=OHR.HumpbackMom_EN-US9862782184_UHD.jpg,"Humpback whale mother pushes her sleeping calf to the surface, Maui, Hawaii (© Ralph Pace/Minden Pictures)"
531,20210323,Bing,https://cn.bing.com/th?id=OHR.LoftedMadagascar_EN-US9720623596_UHD.jpg,"Satellite image of the Mania River in Madagascar (© NASA Earth Observatory image by Joshua Stevens, using Landsat data from the US Geological Survey)"
532,20210322,Bing,https://cn.bing.com/th?id=OHR.TuskegeeAirmen_EN-US9643365119_UHD.jpg,Tuskegee Airmen reading a map (© Bettmann/Getty Images)
533,20210321,Bing,https://cn.bing.com/th?id=OHR.HallesWood_EN-US9545891830_UHD.jpg,"Bluebell flowers carpet the Hallerbos forest floor, Flanders, Belgium (© Jason Langley/plainpicture)"
534,20210320,Bing,https://cn.bing.com/th?id=OHR.ParnidisSundial_EN-US9491593439_UHD.jpg,"Sundial on Parnidis Dune, Curonian Spit, Lithuania (© amoklv/Getty Images)"
535,20210319,Bing,https://cn.bing.com/th?id=OHR.MagneticIsland_EN-US9412695841_UHD.jpg,"Aerial view of the City of Adelaide shipwreck with trees growing on it, Magnetic Island, Queensland, Australia (© Amazing Aerial Agency/Offset by Shutterstock)"
536,20210318,Bing,https://cn.bing.com/th?id=OHR.MtEtna_EN-US8761813954_UHD.jpg,"Mount Etna erupting in 2013, Sicily, Italy (© Wead/Alamy Live News)"
537,20210317,Bing,https://cn.bing.com/th?id=OHR.Inisheer_EN-US8680602205_UHD.jpg,"Inisheer, the smallest of the three Aran Islands, in Galway Bay, Ireland (© Chris Hill/Minden Pictures)"
538,20210316,Bing,https://cn.bing.com/th?id=OHR.BifengxiaPanda_EN-US8585443782_UHD.jpg,"Giant panda cub at Bifengxia Panda Base, Sichuan, China (© Suzi Eszterhas/Minden Pictures)"
539,20210315,Bing,https://cn.bing.com/th?id=OHR.MassapequaOwl_EN-US8469635086_UHD.jpg,"Screech owl resting in a tree cavity, Massapequa Preserve, Long Island, New York (© Vicki Jauron, Babylon and Beyond Photography/Getty Images)"
540,20210314,Bing,https://cn.bing.com/th?id=OHR.LyonAstronomical_EN-US8367377789_UHD.jpg,"Astronomical clock, Lyon, France (© kyolshin/Alamy)"
541,20210313,Bing,https://cn.bing.com/th?id=OHR.Rhododendron_EN-US8246366006_UHD.jpg,"Common rhododendrons in Semper Forest Park, Rügen, Germany (© Sandra Bartocha/Minden Pictures)"
542,20210312,Bing,https://cn.bing.com/th?id=OHR.AztecNewYear_EN-US8147148173_UHD.jpg,"A balloon flies over the Pyramid of the Sun at sunrise in Teotihuacan, Mexico (© Marco Ugarte/AP Photo)"
543,20210311,Bing,https://cn.bing.com/th?id=OHR.CapePerpetua_EN-US1381606733_UHD.jpg,Thor's Well at Cape Perpetua on the Oregon coast (© Cavan Images/Offset by Shutterstock)
544,20210310,Bing,https://cn.bing.com/th?id=OHR.HarrietTubman_EN-US1054261891_UHD.jpg,"'Step on Board,' the Harriet Tubman Memorial, sculpted by Fern Cunningham, in Boston, Massachusetts (© Anthony Pleva/Alamy)"
545,20210309,Bing,https://cn.bing.com/th?id=OHR.RollingHills_EN-US0930573674_UHD.jpg,Foothills of the Diablo Range in the East Bay region of Northern California (© Jeff Lewis/Tandem Stills + Motion)
546,20210308,Bing,https://cn.bing.com/th?id=OHR.NotoriousRBG_EN-US0765557260_UHD.jpg,View of the Notorious RBG mural by the street artist Elle in New York City (© lev radin/Alamy)
547,20210307,Bing,https://cn.bing.com/th?id=OHR.Wakodahatchee_EN-US0593250314_UHD.jpg,"Great blue herons in the Wakodahatchee Wetlands, Delray Beach, Florida (© Marie Hickman/Getty Images)"
548,20210306,Bing,https://cn.bing.com/th?id=OHR.PadarIsland_EN-US0491336626_UHD.jpg,"Komodo National Park, Indonesia (© Thrithot/Adobe Stock)"
549,20210305,Bing,https://cn.bing.com/th?id=OHR.MinasdeRioTinto_EN-US0408244151_UHD.jpg,"Mineral-laden water in the Rio Tinto, Minas de Riotinto mining area, Huelva province, Andalusia, Spain (© David Santiago Garcia/Getty Images)"
550,20210304,Bing,https://cn.bing.com/th?id=OHR.Comma_EN-US0289421685_UHD.jpg,"Nusa Dua coast with breakwater, Bali, Indonesia (© Dkart/Getty Images)"
551,20210303,Bing,https://cn.bing.com/th?id=OHR.WWDLions_EN-US0205102042_UHD.jpg,"Female lions in the forest surrounding Lake Nakuru, Kenya (© Scott Davis/Tandem Stills + Motion)"
552,20210302,Bing,https://cn.bing.com/th?id=OHR.VolcanoLlaima_EN-US0109967122_UHD.jpg,"Volcano Llaima with Araucaria trees in the foreground, Conguillío National Park, Chile (© Fotografías Jorge León Cabello/Getty Images)"
553,20210227,Bing,https://cn.bing.com/th?id=OHR.TwinsDenning_EN-US9910127756_UHD.jpg,"Twin polar bear cubs asleep in a snow den in Wapusk National Park, Manitoba, Canada (© AF archive/Alamy)"
554,20210226,Bing,https://cn.bing.com/th?id=OHR.JinliStreet_EN-US9813774321_UHD.jpg,"Red lanterns hanging in Jinli Street, Chengdu, China (© Philippe LEJEANVRE/Getty Images)"
555,20210225,Bing,https://cn.bing.com/th?id=OHR.Trevi_EN-US7298856463_UHD.jpg,"Almond blossoms overlooking Trevi, Umbria, Italy (© Maurizio Rellini/eStock Photo)"
556,20210224,Bing,https://cn.bing.com/th?id=OHR.LeMorneBrabant_EN-US7199520186_UHD.jpg,"Le Morne Brabant, Mauritius (© Hemis/Alamy)"
557,20210223,Bing,https://cn.bing.com/th?id=OHR.DalmatianPelicans_EN-US7089551223_UHD.jpg,"Dalmatian pelicans on ice, Lake Kerkini, Greece (© Guy Edwardes/Minden Pictures)"
558,20210222,Bing,https://cn.bing.com/th?id=OHR.InvisibleMan_EN-US6967873703_UHD.jpg,"'Invisible Man,' a memorial to Ralph Ellison in Riverside Park, New York City (© Randy Duchaine/Alamy)"
559,20210221,Bing,https://cn.bing.com/th?id=OHR.Porto_EN-US6858177103_UHD.jpg,"Porto, Portugal (© Kanuman/Shutterstock)"
560,20210220,Bing,https://cn.bing.com/th?id=OHR.AABday_EN-US6703996640_UHD.jpg,"Clearing snowstorm, Yosemite National Park, California (© Jeff Lewis/Tandem Stills + Motion)"
561,20210219,Bing,https://cn.bing.com/th?id=OHR.Parrotfish_EN-US6474384190_UHD.jpg,Parrotfish off the coast of Negros Oriental province in the Philippines (© Tim Fitzharris/Minden Pictures)
562,20210218,Bing,https://cn.bing.com/th?id=OHR.VerzascaValley_EN-US6320380092_UHD.jpg,Rocks in the Verzasca River near the hamlet of Lavertezzo in the Valle Verzasca of Switzerland (© Robert Seitz/Offset by Shutterstock)
563,20210217,Bing,https://cn.bing.com/th?id=OHR.PeritoMorenoArgentina_EN-US6161367346_UHD.jpg,"Perito Moreno Glacier in Patagonia's Los Glaciares National Park, Argentina (© Juergen Schonnop/Getty Images)"
564,20210216,Bing,https://cn.bing.com/th?id=OHR.PurpleFlowers_EN-US5664268733_UHD.jpg,"Flowers and an ironwork fence in front of a house in New Orleans, Louisiana (© Lauren Mitchell/Offset by Shutterstock)"
565,20210215,Bing,https://cn.bing.com/th?id=OHR.Lincoln50MoWA_EN-US4174714087_UHD.jpg,"Lincoln Memorial in Washington, DC (© White House Photo/Alamy)"
566,20210214,Bing,https://cn.bing.com/th?id=OHR.OceanHeart_EN-US5478049854_UHD.jpg,"Ocean waves crashing over a heart-shaped rock island off the coast of Sydney, Australia (© Kristian Bell/Getty Images)"
567,20210213,Bing,https://cn.bing.com/th?id=OHR.BluebirdsEastern_EN-US5293227470_UHD.jpg,"Eastern bluebirds in Charlotte, North Carolina (© Elizabeth W. Kearley/Getty Images)"
568,20210212,Bing,https://cn.bing.com/th?id=OHR.YearoftheOx_EN-US5106152536_UHD.jpg,Muskox with newborn in the central Arctic coastal plain of Alaska (© Steven Kazlowski/Danita Delimont)
569,20210211,Bing,https://cn.bing.com/th?id=OHR.CentralCaliBlossoms_EN-US0148484264_UHD.jpg,Flowering almond trees in California's Central Valley (© Jeffrey Lewis/Tandem Stills + Motion)
570,20210210,Bing,https://cn.bing.com/th?id=OHR.PenitentSnow_EN-US0047515629_UHD.jpg,"Nieve penitente ice formations seen on Agua Negra Pass in the Coquimbo Region of the Andes, Chile (© Art Wolfe/Danita Delimont)"
571,20210209,Bing,https://cn.bing.com/th?id=OHR.MoonDogs_EN-US0007581724_UHD.jpg,Moon dog photographed at Hug Point Falls on the Oregon coast (© Ben Coffman/Tandem Stills + Motion)
572,20210208,Bing,https://cn.bing.com/th?id=OHR.HeroMural_EN-US9967459324_UHD.jpg,"John Lewis hero mural by Sean Schwab in the Sweet Auburn district of Atlanta, Georgia (© Ilene Perlman/Alamy)"
573,20210207,勇登高山,https://cn.bing.com/th?id=OHR.IceWalking_ZH-CN5122217505_UHD.jpg,勃朗峰高山冰川上的徒步者，法国夏慕尼 (© agustavop/Getty Images)
574,20210206,乌林鸮,https://cn.bing.com/th?id=OHR.SuperbOwl_ZH-CN5028336455_UHD.jpg,蒙特利尔的乌林鸮，加拿大 (© rollandgelly/Getty Images)
575,20210205,静谧山谷,https://cn.bing.com/th?id=OHR.MountSefton_ZH-CN4956097627_UHD.jpg,奥拉基库克山国家公园中的塞夫顿山，新西兰南岛 (© AWL Images/Danita Delimont)
576,20210204,红色山谷,https://cn.bing.com/th?id=OHR.TheWave_ZH-CN4856809836_UHD.jpg,波浪谷中的砂岩层和积水，亚利桑那州朱红悬崖国家纪念碑 (© Dennis Frates/Alamy)
577,20210203,银装素裹,https://cn.bing.com/th?id=OHR.VosgesBioReserve_ZH-CN4762694302_UHD.jpg,北孚日地区自然公园，法国 (© Michel Rauch/Minden Pictures)
578,20210202,超级雕像,https://cn.bing.com/th?id=OHR.MountNemrut_ZH-CN4681788604_UHD.jpg,内姆鲁特山上巨大的石灰岩雕像，土耳其阿德亚曼 (© Peerakit JIrachetthakun/Getty Images)
579,20210201,土拨鼠,https://cn.bing.com/th?id=OHR.RainbowMarmot_ZH-CN4605973404_UHD.jpg,大格洛克纳山山峰前的土拨鼠，奥地利 (© SeppFriedhuber/Getty Images)
580,20210131,日落山川,https://cn.bing.com/th?id=OHR.ToledoIldefonso_ZH-CN4507206651_UHD.jpg,日落后的托莱多全景，西班牙 (© Frank Fischbach/Alamy)
